event_index,ping_first_request_cycle,ping_last_request_cycle,ping_event_ready_span_cycles,ping_request_cycles_in_order,pong_first_request_cycle,pong_last_request_cycle,pong_event_ready_span_cycles,pong_request_cycles_in_order,pong_minus_ping_span_cycles
0,19,47,28,19:bank2:r0:c0 ; 19:bank3:r0:c0 ; 23:bank2:r0:c1 ; 27:bank2:r0:c2 ; 31:bank2:r0:c3 ; 39:bank3:r0:c1 ; 43:bank3:r0:c2 ; 47:bank3:r0:c3,21,49,28,21:bank2:r0:c4 ; 21:bank3:r0:c4 ; 25:bank2:r0:c5 ; 29:bank2:r0:c6 ; 33:bank2:r0:c7 ; 41:bank3:r0:c5 ; 45:bank3:r0:c6 ; 49:bank3:r0:c7,0
1,35,63,28,35:bank2:r0:c8 ; 39:bank2:r0:c9 ; 43:bank2:r0:c10 ; 47:bank2:r0:c11 ; 51:bank3:r0:c8 ; 55:bank3:r0:c9 ; 59:bank3:r0:c10 ; 63:bank3:r0:c11,37,65,28,37:bank2:r0:c12 ; 41:bank2:r0:c13 ; 45:bank2:r0:c14 ; 49:bank2:r0:c15 ; 53:bank3:r0:c12 ; 57:bank3:r0:c13 ; 61:bank3:r0:c14 ; 65:bank3:r0:c15,0
2,51,79,28,51:bank2:r0:c16 ; 57:bank2:r0:c17 ; 61:bank2:r0:c18 ; 65:bank2:r0:c19 ; 67:bank3:r0:c16 ; 71:bank3:r0:c17 ; 75:bank3:r0:c18 ; 79:bank3:r0:c19,53,81,28,53:bank2:r0:c20 ; 59:bank2:r0:c21 ; 63:bank2:r0:c22 ; 67:bank2:r0:c23 ; 69:bank3:r0:c20 ; 73:bank3:r0:c21 ; 77:bank3:r0:c22 ; 81:bank3:r0:c23,0
3,73,93,20,73:bank2:r0:c24 ; 77:bank2:r0:c25 ; 83:bank3:r0:c24 ; 87:bank3:r0:c25 ; 91:bank2:r0:c26 ; 91:bank3:r0:c26 ; 93:bank2:r0:c27 ; 93:bank3:r0:c27,75,111,36,75:bank2:r0:c28 ; 79:bank2:r0:c29 ; 85:bank3:r0:c28 ; 89:bank3:r0:c29 ; 107:bank2:r0:c30 ; 109:bank2:r0:c31 ; 109:bank3:r0:c30 ; 111:bank3:r0:c31,16
4,119,129,10,119:bank2:r0:c32 ; 119:bank3:r0:c32 ; 123:bank2:r0:c33 ; 123:bank3:r0:c33 ; 127:bank2:r0:c34 ; 127:bank3:r0:c34 ; 129:bank2:r0:c35 ; 129:bank3:r0:c35,121,145,24,121:bank2:r0:c36 ; 121:bank3:r0:c36 ; 125:bank2:r0:c37 ; 125:bank3:r0:c37 ; 141:bank2:r0:c38 ; 143:bank2:r0:c39 ; 143:bank3:r0:c38 ; 145:bank3:r0:c39,14
5,153,163,10,153:bank2:r0:c40 ; 153:bank3:r0:c40 ; 157:bank2:r0:c41 ; 157:bank3:r0:c41 ; 161:bank2:r0:c42 ; 161:bank3:r0:c42 ; 163:bank2:r0:c43 ; 163:bank3:r0:c43,155,179,24,155:bank2:r0:c44 ; 155:bank3:r0:c44 ; 159:bank2:r0:c45 ; 159:bank3:r0:c45 ; 175:bank2:r0:c46 ; 177:bank2:r0:c47 ; 177:bank3:r0:c46 ; 179:bank3:r0:c47,14
6,187,197,10,187:bank2:r0:c48 ; 187:bank3:r0:c48 ; 191:bank2:r0:c49 ; 191:bank3:r0:c49 ; 195:bank2:r0:c50 ; 195:bank3:r0:c50 ; 197:bank2:r0:c51 ; 197:bank3:r0:c51,189,213,24,189:bank2:r0:c52 ; 189:bank3:r0:c52 ; 193:bank2:r0:c53 ; 193:bank3:r0:c53 ; 209:bank2:r0:c54 ; 211:bank2:r0:c55 ; 211:bank3:r0:c54 ; 213:bank3:r0:c55,14
7,221,231,10,221:bank2:r0:c56 ; 221:bank3:r0:c56 ; 225:bank2:r0:c57 ; 225:bank3:r0:c57 ; 229:bank2:r0:c58 ; 229:bank3:r0:c58 ; 231:bank2:r0:c59 ; 231:bank3:r0:c59,223,247,24,223:bank2:r0:c60 ; 223:bank3:r0:c60 ; 227:bank2:r0:c61 ; 227:bank3:r0:c61 ; 243:bank2:r0:c62 ; 245:bank2:r0:c63 ; 245:bank3:r0:c62 ; 247:bank3:r0:c63,14
8,287,301,14,287:bank2:r1:c0 ; 289:bank3:r1:c0 ; 291:bank2:r1:c1 ; 293:bank3:r1:c1 ; 295:bank2:r1:c2 ; 297:bank3:r1:c2 ; 299:bank2:r1:c3 ; 301:bank3:r1:c3,257,293,36,257:bank2:r1:c4 ; 257:bank3:r1:c4 ; 269:bank2:r1:c5 ; 269:bank3:r1:c5 ; 287:bank3:r1:c6 ; 289:bank2:r1:c6 ; 291:bank3:r1:c7 ; 293:bank2:r1:c7,22
9,303,309,6,303:bank2:r1:c8 ; 303:bank3:r1:c8 ; 305:bank2:r1:c9 ; 305:bank3:r1:c9 ; 307:bank2:r1:c10 ; 307:bank3:r1:c10 ; 309:bank2:r1:c11 ; 309:bank3:r1:c11,295,315,20,295:bank3:r1:c12 ; 297:bank2:r1:c12 ; 299:bank3:r1:c13 ; 301:bank2:r1:c13 ; 311:bank2:r1:c14 ; 313:bank2:r1:c15 ; 313:bank3:r1:c14 ; 315:bank3:r1:c15,14
10,323,333,10,323:bank2:r1:c16 ; 323:bank3:r1:c16 ; 327:bank2:r1:c17 ; 327:bank3:r1:c17 ; 331:bank2:r1:c18 ; 331:bank3:r1:c18 ; 333:bank2:r1:c19 ; 333:bank3:r1:c19,325,349,24,325:bank2:r1:c20 ; 325:bank3:r1:c20 ; 329:bank2:r1:c21 ; 329:bank3:r1:c21 ; 345:bank2:r1:c22 ; 347:bank2:r1:c23 ; 347:bank3:r1:c22 ; 349:bank3:r1:c23,14
11,357,367,10,357:bank2:r1:c24 ; 357:bank3:r1:c24 ; 361:bank2:r1:c25 ; 361:bank3:r1:c25 ; 365:bank2:r1:c26 ; 365:bank3:r1:c26 ; 367:bank2:r1:c27 ; 367:bank3:r1:c27,359,383,24,359:bank2:r1:c28 ; 359:bank3:r1:c28 ; 363:bank2:r1:c29 ; 363:bank3:r1:c29 ; 379:bank2:r1:c30 ; 381:bank2:r1:c31 ; 381:bank3:r1:c30 ; 383:bank3:r1:c31,14
12,391,401,10,391:bank2:r1:c32 ; 391:bank3:r1:c32 ; 395:bank2:r1:c33 ; 395:bank3:r1:c33 ; 399:bank2:r1:c34 ; 399:bank3:r1:c34 ; 401:bank2:r1:c35 ; 401:bank3:r1:c35,393,417,24,393:bank2:r1:c36 ; 393:bank3:r1:c36 ; 397:bank2:r1:c37 ; 397:bank3:r1:c37 ; 413:bank2:r1:c38 ; 415:bank2:r1:c39 ; 415:bank3:r1:c38 ; 417:bank3:r1:c39,14
13,425,435,10,425:bank2:r1:c40 ; 425:bank3:r1:c40 ; 429:bank2:r1:c41 ; 429:bank3:r1:c41 ; 433:bank2:r1:c42 ; 433:bank3:r1:c42 ; 435:bank2:r1:c43 ; 435:bank3:r1:c43,427,451,24,427:bank2:r1:c44 ; 427:bank3:r1:c44 ; 431:bank2:r1:c45 ; 431:bank3:r1:c45 ; 447:bank2:r1:c46 ; 449:bank2:r1:c47 ; 449:bank3:r1:c46 ; 451:bank3:r1:c47,14
14,459,469,10,459:bank2:r1:c48 ; 459:bank3:r1:c48 ; 463:bank2:r1:c49 ; 463:bank3:r1:c49 ; 467:bank2:r1:c50 ; 467:bank3:r1:c50 ; 469:bank2:r1:c51 ; 469:bank3:r1:c51,461,485,24,461:bank2:r1:c52 ; 461:bank3:r1:c52 ; 465:bank2:r1:c53 ; 465:bank3:r1:c53 ; 481:bank2:r1:c54 ; 483:bank2:r1:c55 ; 483:bank3:r1:c54 ; 485:bank3:r1:c55,14
15,493,503,10,493:bank2:r1:c56 ; 493:bank3:r1:c56 ; 497:bank2:r1:c57 ; 497:bank3:r1:c57 ; 501:bank2:r1:c58 ; 501:bank3:r1:c58 ; 503:bank2:r1:c59 ; 503:bank3:r1:c59,495,519,24,495:bank2:r1:c60 ; 495:bank3:r1:c60 ; 499:bank2:r1:c61 ; 499:bank3:r1:c61 ; 515:bank2:r1:c62 ; 517:bank2:r1:c63 ; 517:bank3:r1:c62 ; 519:bank3:r1:c63,14
16,559,573,14,559:bank2:r2:c0 ; 561:bank3:r2:c0 ; 563:bank2:r2:c1 ; 565:bank3:r2:c1 ; 567:bank2:r2:c2 ; 569:bank3:r2:c2 ; 571:bank2:r2:c3 ; 573:bank3:r2:c3,529,565,36,529:bank2:r2:c4 ; 529:bank3:r2:c4 ; 541:bank2:r2:c5 ; 541:bank3:r2:c5 ; 559:bank3:r2:c6 ; 561:bank2:r2:c6 ; 563:bank3:r2:c7 ; 565:bank2:r2:c7,22
17,575,581,6,575:bank2:r2:c8 ; 575:bank3:r2:c8 ; 577:bank2:r2:c9 ; 577:bank3:r2:c9 ; 579:bank2:r2:c10 ; 579:bank3:r2:c10 ; 581:bank2:r2:c11 ; 581:bank3:r2:c11,567,587,20,567:bank3:r2:c12 ; 569:bank2:r2:c12 ; 571:bank3:r2:c13 ; 573:bank2:r2:c13 ; 583:bank2:r2:c14 ; 585:bank2:r2:c15 ; 585:bank3:r2:c14 ; 587:bank3:r2:c15,14
18,595,605,10,595:bank2:r2:c16 ; 595:bank3:r2:c16 ; 599:bank2:r2:c17 ; 599:bank3:r2:c17 ; 603:bank2:r2:c18 ; 603:bank3:r2:c18 ; 605:bank2:r2:c19 ; 605:bank3:r2:c19,597,621,24,597:bank2:r2:c20 ; 597:bank3:r2:c20 ; 601:bank2:r2:c21 ; 601:bank3:r2:c21 ; 617:bank2:r2:c22 ; 619:bank2:r2:c23 ; 619:bank3:r2:c22 ; 621:bank3:r2:c23,14
19,629,639,10,629:bank2:r2:c24 ; 629:bank3:r2:c24 ; 633:bank2:r2:c25 ; 633:bank3:r2:c25 ; 637:bank2:r2:c26 ; 637:bank3:r2:c26 ; 639:bank2:r2:c27 ; 639:bank3:r2:c27,631,655,24,631:bank2:r2:c28 ; 631:bank3:r2:c28 ; 635:bank2:r2:c29 ; 635:bank3:r2:c29 ; 651:bank2:r2:c30 ; 653:bank2:r2:c31 ; 653:bank3:r2:c30 ; 655:bank3:r2:c31,14
20,663,673,10,663:bank2:r2:c32 ; 663:bank3:r2:c32 ; 667:bank2:r2:c33 ; 667:bank3:r2:c33 ; 671:bank2:r2:c34 ; 671:bank3:r2:c34 ; 673:bank2:r2:c35 ; 673:bank3:r2:c35,665,689,24,665:bank2:r2:c36 ; 665:bank3:r2:c36 ; 669:bank2:r2:c37 ; 669:bank3:r2:c37 ; 685:bank2:r2:c38 ; 687:bank2:r2:c39 ; 687:bank3:r2:c38 ; 689:bank3:r2:c39,14
21,697,707,10,697:bank2:r2:c40 ; 697:bank3:r2:c40 ; 701:bank2:r2:c41 ; 701:bank3:r2:c41 ; 705:bank2:r2:c42 ; 705:bank3:r2:c42 ; 707:bank2:r2:c43 ; 707:bank3:r2:c43,699,723,24,699:bank2:r2:c44 ; 699:bank3:r2:c44 ; 703:bank2:r2:c45 ; 703:bank3:r2:c45 ; 719:bank2:r2:c46 ; 721:bank2:r2:c47 ; 721:bank3:r2:c46 ; 723:bank3:r2:c47,14
22,731,741,10,731:bank2:r2:c48 ; 731:bank3:r2:c48 ; 735:bank2:r2:c49 ; 735:bank3:r2:c49 ; 739:bank2:r2:c50 ; 739:bank3:r2:c50 ; 741:bank2:r2:c51 ; 741:bank3:r2:c51,733,757,24,733:bank2:r2:c52 ; 733:bank3:r2:c52 ; 737:bank2:r2:c53 ; 737:bank3:r2:c53 ; 753:bank2:r2:c54 ; 755:bank2:r2:c55 ; 755:bank3:r2:c54 ; 757:bank3:r2:c55,14
23,765,775,10,765:bank2:r2:c56 ; 765:bank3:r2:c56 ; 769:bank2:r2:c57 ; 769:bank3:r2:c57 ; 773:bank2:r2:c58 ; 773:bank3:r2:c58 ; 775:bank2:r2:c59 ; 775:bank3:r2:c59,767,791,24,767:bank2:r2:c60 ; 767:bank3:r2:c60 ; 771:bank2:r2:c61 ; 771:bank3:r2:c61 ; 787:bank2:r2:c62 ; 789:bank2:r2:c63 ; 789:bank3:r2:c62 ; 791:bank3:r2:c63,14
24,831,845,14,831:bank2:r3:c0 ; 833:bank3:r3:c0 ; 835:bank2:r3:c1 ; 837:bank3:r3:c1 ; 839:bank2:r3:c2 ; 841:bank3:r3:c2 ; 843:bank2:r3:c3 ; 845:bank3:r3:c3,801,837,36,801:bank2:r3:c4 ; 801:bank3:r3:c4 ; 813:bank2:r3:c5 ; 813:bank3:r3:c5 ; 831:bank3:r3:c6 ; 833:bank2:r3:c6 ; 835:bank3:r3:c7 ; 837:bank2:r3:c7,22
25,847,853,6,847:bank2:r3:c8 ; 847:bank3:r3:c8 ; 849:bank2:r3:c9 ; 849:bank3:r3:c9 ; 851:bank2:r3:c10 ; 851:bank3:r3:c10 ; 853:bank2:r3:c11 ; 853:bank3:r3:c11,839,859,20,839:bank3:r3:c12 ; 841:bank2:r3:c12 ; 843:bank3:r3:c13 ; 845:bank2:r3:c13 ; 855:bank2:r3:c14 ; 857:bank2:r3:c15 ; 857:bank3:r3:c14 ; 859:bank3:r3:c15,14
26,867,877,10,867:bank2:r3:c16 ; 867:bank3:r3:c16 ; 871:bank2:r3:c17 ; 871:bank3:r3:c17 ; 875:bank2:r3:c18 ; 875:bank3:r3:c18 ; 877:bank2:r3:c19 ; 877:bank3:r3:c19,869,893,24,869:bank2:r3:c20 ; 869:bank3:r3:c20 ; 873:bank2:r3:c21 ; 873:bank3:r3:c21 ; 889:bank2:r3:c22 ; 891:bank2:r3:c23 ; 891:bank3:r3:c22 ; 893:bank3:r3:c23,14
27,901,911,10,901:bank2:r3:c24 ; 901:bank3:r3:c24 ; 905:bank2:r3:c25 ; 905:bank3:r3:c25 ; 909:bank2:r3:c26 ; 909:bank3:r3:c26 ; 911:bank2:r3:c27 ; 911:bank3:r3:c27,903,927,24,903:bank2:r3:c28 ; 903:bank3:r3:c28 ; 907:bank2:r3:c29 ; 907:bank3:r3:c29 ; 923:bank2:r3:c30 ; 925:bank2:r3:c31 ; 925:bank3:r3:c30 ; 927:bank3:r3:c31,14
28,935,945,10,935:bank2:r3:c32 ; 935:bank3:r3:c32 ; 939:bank2:r3:c33 ; 939:bank3:r3:c33 ; 943:bank2:r3:c34 ; 943:bank3:r3:c34 ; 945:bank2:r3:c35 ; 945:bank3:r3:c35,937,961,24,937:bank2:r3:c36 ; 937:bank3:r3:c36 ; 941:bank2:r3:c37 ; 941:bank3:r3:c37 ; 957:bank2:r3:c38 ; 959:bank2:r3:c39 ; 959:bank3:r3:c38 ; 961:bank3:r3:c39,14
29,969,979,10,969:bank2:r3:c40 ; 969:bank3:r3:c40 ; 973:bank2:r3:c41 ; 973:bank3:r3:c41 ; 977:bank2:r3:c42 ; 977:bank3:r3:c42 ; 979:bank2:r3:c43 ; 979:bank3:r3:c43,971,995,24,971:bank2:r3:c44 ; 971:bank3:r3:c44 ; 975:bank2:r3:c45 ; 975:bank3:r3:c45 ; 991:bank2:r3:c46 ; 993:bank2:r3:c47 ; 993:bank3:r3:c46 ; 995:bank3:r3:c47,14
30,1003,1013,10,1003:bank2:r3:c48 ; 1003:bank3:r3:c48 ; 1007:bank2:r3:c49 ; 1007:bank3:r3:c49 ; 1011:bank2:r3:c50 ; 1011:bank3:r3:c50 ; 1013:bank2:r3:c51 ; 1013:bank3:r3:c51,1005,1029,24,1005:bank2:r3:c52 ; 1005:bank3:r3:c52 ; 1009:bank2:r3:c53 ; 1009:bank3:r3:c53 ; 1025:bank2:r3:c54 ; 1027:bank2:r3:c55 ; 1027:bank3:r3:c54 ; 1029:bank3:r3:c55,14
31,1037,1047,10,1037:bank2:r3:c56 ; 1037:bank3:r3:c56 ; 1041:bank2:r3:c57 ; 1041:bank3:r3:c57 ; 1045:bank2:r3:c58 ; 1045:bank3:r3:c58 ; 1047:bank2:r3:c59 ; 1047:bank3:r3:c59,1039,1063,24,1039:bank2:r3:c60 ; 1039:bank3:r3:c60 ; 1043:bank2:r3:c61 ; 1043:bank3:r3:c61 ; 1059:bank2:r3:c62 ; 1061:bank2:r3:c63 ; 1061:bank3:r3:c62 ; 1063:bank3:r3:c63,14
32,1103,1117,14,1103:bank2:r4:c0 ; 1105:bank3:r4:c0 ; 1107:bank2:r4:c1 ; 1109:bank3:r4:c1 ; 1111:bank2:r4:c2 ; 1113:bank3:r4:c2 ; 1115:bank2:r4:c3 ; 1117:bank3:r4:c3,1073,1109,36,1073:bank2:r4:c4 ; 1073:bank3:r4:c4 ; 1085:bank2:r4:c5 ; 1085:bank3:r4:c5 ; 1103:bank3:r4:c6 ; 1105:bank2:r4:c6 ; 1107:bank3:r4:c7 ; 1109:bank2:r4:c7,22
33,1119,1125,6,1119:bank2:r4:c8 ; 1119:bank3:r4:c8 ; 1121:bank2:r4:c9 ; 1121:bank3:r4:c9 ; 1123:bank2:r4:c10 ; 1123:bank3:r4:c10 ; 1125:bank2:r4:c11 ; 1125:bank3:r4:c11,1111,1131,20,1111:bank3:r4:c12 ; 1113:bank2:r4:c12 ; 1115:bank3:r4:c13 ; 1117:bank2:r4:c13 ; 1127:bank2:r4:c14 ; 1129:bank2:r4:c15 ; 1129:bank3:r4:c14 ; 1131:bank3:r4:c15,14
34,1139,1149,10,1139:bank2:r4:c16 ; 1139:bank3:r4:c16 ; 1143:bank2:r4:c17 ; 1143:bank3:r4:c17 ; 1147:bank2:r4:c18 ; 1147:bank3:r4:c18 ; 1149:bank2:r4:c19 ; 1149:bank3:r4:c19,1141,1165,24,1141:bank2:r4:c20 ; 1141:bank3:r4:c20 ; 1145:bank2:r4:c21 ; 1145:bank3:r4:c21 ; 1161:bank2:r4:c22 ; 1163:bank2:r4:c23 ; 1163:bank3:r4:c22 ; 1165:bank3:r4:c23,14
35,1173,1183,10,1173:bank2:r4:c24 ; 1173:bank3:r4:c24 ; 1177:bank2:r4:c25 ; 1177:bank3:r4:c25 ; 1181:bank2:r4:c26 ; 1181:bank3:r4:c26 ; 1183:bank2:r4:c27 ; 1183:bank3:r4:c27,1175,1199,24,1175:bank2:r4:c28 ; 1175:bank3:r4:c28 ; 1179:bank2:r4:c29 ; 1179:bank3:r4:c29 ; 1195:bank2:r4:c30 ; 1197:bank2:r4:c31 ; 1197:bank3:r4:c30 ; 1199:bank3:r4:c31,14
36,1207,1217,10,1207:bank2:r4:c32 ; 1207:bank3:r4:c32 ; 1211:bank2:r4:c33 ; 1211:bank3:r4:c33 ; 1215:bank2:r4:c34 ; 1215:bank3:r4:c34 ; 1217:bank2:r4:c35 ; 1217:bank3:r4:c35,1209,1233,24,1209:bank2:r4:c36 ; 1209:bank3:r4:c36 ; 1213:bank2:r4:c37 ; 1213:bank3:r4:c37 ; 1229:bank2:r4:c38 ; 1231:bank2:r4:c39 ; 1231:bank3:r4:c38 ; 1233:bank3:r4:c39,14
37,1241,1251,10,1241:bank2:r4:c40 ; 1241:bank3:r4:c40 ; 1245:bank2:r4:c41 ; 1245:bank3:r4:c41 ; 1249:bank2:r4:c42 ; 1249:bank3:r4:c42 ; 1251:bank2:r4:c43 ; 1251:bank3:r4:c43,1243,1267,24,1243:bank2:r4:c44 ; 1243:bank3:r4:c44 ; 1247:bank2:r4:c45 ; 1247:bank3:r4:c45 ; 1263:bank2:r4:c46 ; 1265:bank2:r4:c47 ; 1265:bank3:r4:c46 ; 1267:bank3:r4:c47,14
38,1275,1285,10,1275:bank2:r4:c48 ; 1275:bank3:r4:c48 ; 1279:bank2:r4:c49 ; 1279:bank3:r4:c49 ; 1283:bank2:r4:c50 ; 1283:bank3:r4:c50 ; 1285:bank2:r4:c51 ; 1285:bank3:r4:c51,1277,1301,24,1277:bank2:r4:c52 ; 1277:bank3:r4:c52 ; 1281:bank2:r4:c53 ; 1281:bank3:r4:c53 ; 1297:bank2:r4:c54 ; 1299:bank2:r4:c55 ; 1299:bank3:r4:c54 ; 1301:bank3:r4:c55,14
39,1309,1319,10,1309:bank2:r4:c56 ; 1309:bank3:r4:c56 ; 1313:bank2:r4:c57 ; 1313:bank3:r4:c57 ; 1317:bank2:r4:c58 ; 1317:bank3:r4:c58 ; 1319:bank2:r4:c59 ; 1319:bank3:r4:c59,1311,1335,24,1311:bank2:r4:c60 ; 1311:bank3:r4:c60 ; 1315:bank2:r4:c61 ; 1315:bank3:r4:c61 ; 1331:bank2:r4:c62 ; 1333:bank2:r4:c63 ; 1333:bank3:r4:c62 ; 1335:bank3:r4:c63,14
40,1375,1389,14,1375:bank2:r5:c0 ; 1377:bank3:r5:c0 ; 1379:bank2:r5:c1 ; 1381:bank3:r5:c1 ; 1383:bank2:r5:c2 ; 1385:bank3:r5:c2 ; 1387:bank2:r5:c3 ; 1389:bank3:r5:c3,1345,1381,36,1345:bank2:r5:c4 ; 1345:bank3:r5:c4 ; 1357:bank2:r5:c5 ; 1357:bank3:r5:c5 ; 1375:bank3:r5:c6 ; 1377:bank2:r5:c6 ; 1379:bank3:r5:c7 ; 1381:bank2:r5:c7,22
41,1391,1397,6,1391:bank2:r5:c8 ; 1391:bank3:r5:c8 ; 1393:bank2:r5:c9 ; 1393:bank3:r5:c9 ; 1395:bank2:r5:c10 ; 1395:bank3:r5:c10 ; 1397:bank2:r5:c11 ; 1397:bank3:r5:c11,1383,1403,20,1383:bank3:r5:c12 ; 1385:bank2:r5:c12 ; 1387:bank3:r5:c13 ; 1389:bank2:r5:c13 ; 1399:bank2:r5:c14 ; 1401:bank2:r5:c15 ; 1401:bank3:r5:c14 ; 1403:bank3:r5:c15,14
42,1411,1421,10,1411:bank2:r5:c16 ; 1411:bank3:r5:c16 ; 1415:bank2:r5:c17 ; 1415:bank3:r5:c17 ; 1419:bank2:r5:c18 ; 1419:bank3:r5:c18 ; 1421:bank2:r5:c19 ; 1421:bank3:r5:c19,1413,1437,24,1413:bank2:r5:c20 ; 1413:bank3:r5:c20 ; 1417:bank2:r5:c21 ; 1417:bank3:r5:c21 ; 1433:bank2:r5:c22 ; 1435:bank2:r5:c23 ; 1435:bank3:r5:c22 ; 1437:bank3:r5:c23,14
43,1445,1455,10,1445:bank2:r5:c24 ; 1445:bank3:r5:c24 ; 1449:bank2:r5:c25 ; 1449:bank3:r5:c25 ; 1453:bank2:r5:c26 ; 1453:bank3:r5:c26 ; 1455:bank2:r5:c27 ; 1455:bank3:r5:c27,1447,1471,24,1447:bank2:r5:c28 ; 1447:bank3:r5:c28 ; 1451:bank2:r5:c29 ; 1451:bank3:r5:c29 ; 1467:bank2:r5:c30 ; 1469:bank2:r5:c31 ; 1469:bank3:r5:c30 ; 1471:bank3:r5:c31,14
44,1479,1489,10,1479:bank2:r5:c32 ; 1479:bank3:r5:c32 ; 1483:bank2:r5:c33 ; 1483:bank3:r5:c33 ; 1487:bank2:r5:c34 ; 1487:bank3:r5:c34 ; 1489:bank2:r5:c35 ; 1489:bank3:r5:c35,1481,1505,24,1481:bank2:r5:c36 ; 1481:bank3:r5:c36 ; 1485:bank2:r5:c37 ; 1485:bank3:r5:c37 ; 1501:bank2:r5:c38 ; 1503:bank2:r5:c39 ; 1503:bank3:r5:c38 ; 1505:bank3:r5:c39,14
45,1513,1523,10,1513:bank2:r5:c40 ; 1513:bank3:r5:c40 ; 1517:bank2:r5:c41 ; 1517:bank3:r5:c41 ; 1521:bank2:r5:c42 ; 1521:bank3:r5:c42 ; 1523:bank2:r5:c43 ; 1523:bank3:r5:c43,1515,1539,24,1515:bank2:r5:c44 ; 1515:bank3:r5:c44 ; 1519:bank2:r5:c45 ; 1519:bank3:r5:c45 ; 1535:bank2:r5:c46 ; 1537:bank2:r5:c47 ; 1537:bank3:r5:c46 ; 1539:bank3:r5:c47,14
46,1547,1557,10,1547:bank2:r5:c48 ; 1547:bank3:r5:c48 ; 1551:bank2:r5:c49 ; 1551:bank3:r5:c49 ; 1555:bank2:r5:c50 ; 1555:bank3:r5:c50 ; 1557:bank2:r5:c51 ; 1557:bank3:r5:c51,1549,1573,24,1549:bank2:r5:c52 ; 1549:bank3:r5:c52 ; 1553:bank2:r5:c53 ; 1553:bank3:r5:c53 ; 1569:bank2:r5:c54 ; 1571:bank2:r5:c55 ; 1571:bank3:r5:c54 ; 1573:bank3:r5:c55,14
47,1581,1591,10,1581:bank2:r5:c56 ; 1581:bank3:r5:c56 ; 1585:bank2:r5:c57 ; 1585:bank3:r5:c57 ; 1589:bank2:r5:c58 ; 1589:bank3:r5:c58 ; 1591:bank2:r5:c59 ; 1591:bank3:r5:c59,1583,1607,24,1583:bank2:r5:c60 ; 1583:bank3:r5:c60 ; 1587:bank2:r5:c61 ; 1587:bank3:r5:c61 ; 1603:bank2:r5:c62 ; 1605:bank2:r5:c63 ; 1605:bank3:r5:c62 ; 1607:bank3:r5:c63,14
48,1647,1661,14,1647:bank2:r6:c0 ; 1649:bank3:r6:c0 ; 1651:bank2:r6:c1 ; 1653:bank3:r6:c1 ; 1655:bank2:r6:c2 ; 1657:bank3:r6:c2 ; 1659:bank2:r6:c3 ; 1661:bank3:r6:c3,1617,1653,36,1617:bank2:r6:c4 ; 1617:bank3:r6:c4 ; 1629:bank2:r6:c5 ; 1629:bank3:r6:c5 ; 1647:bank3:r6:c6 ; 1649:bank2:r6:c6 ; 1651:bank3:r6:c7 ; 1653:bank2:r6:c7,22
49,1663,1669,6,1663:bank2:r6:c8 ; 1663:bank3:r6:c8 ; 1665:bank2:r6:c9 ; 1665:bank3:r6:c9 ; 1667:bank2:r6:c10 ; 1667:bank3:r6:c10 ; 1669:bank2:r6:c11 ; 1669:bank3:r6:c11,1655,1675,20,1655:bank3:r6:c12 ; 1657:bank2:r6:c12 ; 1659:bank3:r6:c13 ; 1661:bank2:r6:c13 ; 1671:bank2:r6:c14 ; 1673:bank2:r6:c15 ; 1673:bank3:r6:c14 ; 1675:bank3:r6:c15,14
50,1683,1693,10,1683:bank2:r6:c16 ; 1683:bank3:r6:c16 ; 1687:bank2:r6:c17 ; 1687:bank3:r6:c17 ; 1691:bank2:r6:c18 ; 1691:bank3:r6:c18 ; 1693:bank2:r6:c19 ; 1693:bank3:r6:c19,1685,1709,24,1685:bank2:r6:c20 ; 1685:bank3:r6:c20 ; 1689:bank2:r6:c21 ; 1689:bank3:r6:c21 ; 1705:bank2:r6:c22 ; 1707:bank2:r6:c23 ; 1707:bank3:r6:c22 ; 1709:bank3:r6:c23,14
51,1717,1727,10,1717:bank2:r6:c24 ; 1717:bank3:r6:c24 ; 1721:bank2:r6:c25 ; 1721:bank3:r6:c25 ; 1725:bank2:r6:c26 ; 1725:bank3:r6:c26 ; 1727:bank2:r6:c27 ; 1727:bank3:r6:c27,1719,1743,24,1719:bank2:r6:c28 ; 1719:bank3:r6:c28 ; 1723:bank2:r6:c29 ; 1723:bank3:r6:c29 ; 1739:bank2:r6:c30 ; 1741:bank2:r6:c31 ; 1741:bank3:r6:c30 ; 1743:bank3:r6:c31,14
52,1751,1761,10,1751:bank2:r6:c32 ; 1751:bank3:r6:c32 ; 1755:bank2:r6:c33 ; 1755:bank3:r6:c33 ; 1759:bank2:r6:c34 ; 1759:bank3:r6:c34 ; 1761:bank2:r6:c35 ; 1761:bank3:r6:c35,1753,1777,24,1753:bank2:r6:c36 ; 1753:bank3:r6:c36 ; 1757:bank2:r6:c37 ; 1757:bank3:r6:c37 ; 1773:bank2:r6:c38 ; 1775:bank2:r6:c39 ; 1775:bank3:r6:c38 ; 1777:bank3:r6:c39,14
53,1785,1795,10,1785:bank2:r6:c40 ; 1785:bank3:r6:c40 ; 1789:bank2:r6:c41 ; 1789:bank3:r6:c41 ; 1793:bank2:r6:c42 ; 1793:bank3:r6:c42 ; 1795:bank2:r6:c43 ; 1795:bank3:r6:c43,1787,1811,24,1787:bank2:r6:c44 ; 1787:bank3:r6:c44 ; 1791:bank2:r6:c45 ; 1791:bank3:r6:c45 ; 1807:bank2:r6:c46 ; 1809:bank2:r6:c47 ; 1809:bank3:r6:c46 ; 1811:bank3:r6:c47,14
54,1819,1829,10,1819:bank2:r6:c48 ; 1819:bank3:r6:c48 ; 1823:bank2:r6:c49 ; 1823:bank3:r6:c49 ; 1827:bank2:r6:c50 ; 1827:bank3:r6:c50 ; 1829:bank2:r6:c51 ; 1829:bank3:r6:c51,1821,1845,24,1821:bank2:r6:c52 ; 1821:bank3:r6:c52 ; 1825:bank2:r6:c53 ; 1825:bank3:r6:c53 ; 1841:bank2:r6:c54 ; 1843:bank2:r6:c55 ; 1843:bank3:r6:c54 ; 1845:bank3:r6:c55,14
55,1853,1863,10,1853:bank2:r6:c56 ; 1853:bank3:r6:c56 ; 1857:bank2:r6:c57 ; 1857:bank3:r6:c57 ; 1861:bank2:r6:c58 ; 1861:bank3:r6:c58 ; 1863:bank2:r6:c59 ; 1863:bank3:r6:c59,1855,1879,24,1855:bank2:r6:c60 ; 1855:bank3:r6:c60 ; 1859:bank2:r6:c61 ; 1859:bank3:r6:c61 ; 1875:bank2:r6:c62 ; 1877:bank2:r6:c63 ; 1877:bank3:r6:c62 ; 1879:bank3:r6:c63,14
56,1919,1933,14,1919:bank2:r7:c0 ; 1921:bank3:r7:c0 ; 1923:bank2:r7:c1 ; 1925:bank3:r7:c1 ; 1927:bank2:r7:c2 ; 1929:bank3:r7:c2 ; 1931:bank2:r7:c3 ; 1933:bank3:r7:c3,1889,1925,36,1889:bank2:r7:c4 ; 1889:bank3:r7:c4 ; 1901:bank2:r7:c5 ; 1901:bank3:r7:c5 ; 1919:bank3:r7:c6 ; 1921:bank2:r7:c6 ; 1923:bank3:r7:c7 ; 1925:bank2:r7:c7,22
57,1935,1941,6,1935:bank2:r7:c8 ; 1935:bank3:r7:c8 ; 1937:bank2:r7:c9 ; 1937:bank3:r7:c9 ; 1939:bank2:r7:c10 ; 1939:bank3:r7:c10 ; 1941:bank2:r7:c11 ; 1941:bank3:r7:c11,1927,1947,20,1927:bank3:r7:c12 ; 1929:bank2:r7:c12 ; 1931:bank3:r7:c13 ; 1933:bank2:r7:c13 ; 1943:bank2:r7:c14 ; 1945:bank2:r7:c15 ; 1945:bank3:r7:c14 ; 1947:bank3:r7:c15,14
58,1955,1965,10,1955:bank2:r7:c16 ; 1955:bank3:r7:c16 ; 1959:bank2:r7:c17 ; 1959:bank3:r7:c17 ; 1963:bank2:r7:c18 ; 1963:bank3:r7:c18 ; 1965:bank2:r7:c19 ; 1965:bank3:r7:c19,1957,1981,24,1957:bank2:r7:c20 ; 1957:bank3:r7:c20 ; 1961:bank2:r7:c21 ; 1961:bank3:r7:c21 ; 1977:bank2:r7:c22 ; 1979:bank2:r7:c23 ; 1979:bank3:r7:c22 ; 1981:bank3:r7:c23,14
59,1989,1999,10,1989:bank2:r7:c24 ; 1989:bank3:r7:c24 ; 1993:bank2:r7:c25 ; 1993:bank3:r7:c25 ; 1997:bank2:r7:c26 ; 1997:bank3:r7:c26 ; 1999:bank2:r7:c27 ; 1999:bank3:r7:c27,1991,2015,24,1991:bank2:r7:c28 ; 1991:bank3:r7:c28 ; 1995:bank2:r7:c29 ; 1995:bank3:r7:c29 ; 2011:bank2:r7:c30 ; 2013:bank2:r7:c31 ; 2013:bank3:r7:c30 ; 2015:bank3:r7:c31,14
60,2023,2033,10,2023:bank2:r7:c32 ; 2023:bank3:r7:c32 ; 2027:bank2:r7:c33 ; 2027:bank3:r7:c33 ; 2031:bank2:r7:c34 ; 2031:bank3:r7:c34 ; 2033:bank2:r7:c35 ; 2033:bank3:r7:c35,2025,2049,24,2025:bank2:r7:c36 ; 2025:bank3:r7:c36 ; 2029:bank2:r7:c37 ; 2029:bank3:r7:c37 ; 2045:bank2:r7:c38 ; 2047:bank2:r7:c39 ; 2047:bank3:r7:c38 ; 2049:bank3:r7:c39,14
61,2057,2067,10,2057:bank2:r7:c40 ; 2057:bank3:r7:c40 ; 2061:bank2:r7:c41 ; 2061:bank3:r7:c41 ; 2065:bank2:r7:c42 ; 2065:bank3:r7:c42 ; 2067:bank2:r7:c43 ; 2067:bank3:r7:c43,2059,2083,24,2059:bank2:r7:c44 ; 2059:bank3:r7:c44 ; 2063:bank2:r7:c45 ; 2063:bank3:r7:c45 ; 2079:bank2:r7:c46 ; 2081:bank2:r7:c47 ; 2081:bank3:r7:c46 ; 2083:bank3:r7:c47,14
62,2091,2101,10,2091:bank2:r7:c48 ; 2091:bank3:r7:c48 ; 2095:bank2:r7:c49 ; 2095:bank3:r7:c49 ; 2099:bank2:r7:c50 ; 2099:bank3:r7:c50 ; 2101:bank2:r7:c51 ; 2101:bank3:r7:c51,2093,2117,24,2093:bank2:r7:c52 ; 2093:bank3:r7:c52 ; 2097:bank2:r7:c53 ; 2097:bank3:r7:c53 ; 2113:bank2:r7:c54 ; 2115:bank2:r7:c55 ; 2115:bank3:r7:c54 ; 2117:bank3:r7:c55,14
63,2125,2135,10,2125:bank2:r7:c56 ; 2125:bank3:r7:c56 ; 2129:bank2:r7:c57 ; 2129:bank3:r7:c57 ; 2133:bank2:r7:c58 ; 2133:bank3:r7:c58 ; 2135:bank2:r7:c59 ; 2135:bank3:r7:c59,2127,2151,24,2127:bank2:r7:c60 ; 2127:bank3:r7:c60 ; 2131:bank2:r7:c61 ; 2131:bank3:r7:c61 ; 2147:bank2:r7:c62 ; 2149:bank2:r7:c63 ; 2149:bank3:r7:c62 ; 2151:bank3:r7:c63,14
64,2191,2205,14,2191:bank2:r8:c0 ; 2193:bank3:r8:c0 ; 2195:bank2:r8:c1 ; 2197:bank3:r8:c1 ; 2199:bank2:r8:c2 ; 2201:bank3:r8:c2 ; 2203:bank2:r8:c3 ; 2205:bank3:r8:c3,2161,2197,36,2161:bank2:r8:c4 ; 2161:bank3:r8:c4 ; 2173:bank2:r8:c5 ; 2173:bank3:r8:c5 ; 2191:bank3:r8:c6 ; 2193:bank2:r8:c6 ; 2195:bank3:r8:c7 ; 2197:bank2:r8:c7,22
65,2207,2213,6,2207:bank2:r8:c8 ; 2207:bank3:r8:c8 ; 2209:bank2:r8:c9 ; 2209:bank3:r8:c9 ; 2211:bank2:r8:c10 ; 2211:bank3:r8:c10 ; 2213:bank2:r8:c11 ; 2213:bank3:r8:c11,2199,2219,20,2199:bank3:r8:c12 ; 2201:bank2:r8:c12 ; 2203:bank3:r8:c13 ; 2205:bank2:r8:c13 ; 2215:bank2:r8:c14 ; 2217:bank2:r8:c15 ; 2217:bank3:r8:c14 ; 2219:bank3:r8:c15,14
66,2227,2237,10,2227:bank2:r8:c16 ; 2227:bank3:r8:c16 ; 2231:bank2:r8:c17 ; 2231:bank3:r8:c17 ; 2235:bank2:r8:c18 ; 2235:bank3:r8:c18 ; 2237:bank2:r8:c19 ; 2237:bank3:r8:c19,2229,2253,24,2229:bank2:r8:c20 ; 2229:bank3:r8:c20 ; 2233:bank2:r8:c21 ; 2233:bank3:r8:c21 ; 2249:bank2:r8:c22 ; 2251:bank2:r8:c23 ; 2251:bank3:r8:c22 ; 2253:bank3:r8:c23,14
67,2261,2271,10,2261:bank2:r8:c24 ; 2261:bank3:r8:c24 ; 2265:bank2:r8:c25 ; 2265:bank3:r8:c25 ; 2269:bank2:r8:c26 ; 2269:bank3:r8:c26 ; 2271:bank2:r8:c27 ; 2271:bank3:r8:c27,2263,2287,24,2263:bank2:r8:c28 ; 2263:bank3:r8:c28 ; 2267:bank2:r8:c29 ; 2267:bank3:r8:c29 ; 2283:bank2:r8:c30 ; 2285:bank2:r8:c31 ; 2285:bank3:r8:c30 ; 2287:bank3:r8:c31,14
68,2295,2305,10,2295:bank2:r8:c32 ; 2295:bank3:r8:c32 ; 2299:bank2:r8:c33 ; 2299:bank3:r8:c33 ; 2303:bank2:r8:c34 ; 2303:bank3:r8:c34 ; 2305:bank2:r8:c35 ; 2305:bank3:r8:c35,2297,2321,24,2297:bank2:r8:c36 ; 2297:bank3:r8:c36 ; 2301:bank2:r8:c37 ; 2301:bank3:r8:c37 ; 2317:bank2:r8:c38 ; 2319:bank2:r8:c39 ; 2319:bank3:r8:c38 ; 2321:bank3:r8:c39,14
69,2329,2339,10,2329:bank2:r8:c40 ; 2329:bank3:r8:c40 ; 2333:bank2:r8:c41 ; 2333:bank3:r8:c41 ; 2337:bank2:r8:c42 ; 2337:bank3:r8:c42 ; 2339:bank2:r8:c43 ; 2339:bank3:r8:c43,2331,2355,24,2331:bank2:r8:c44 ; 2331:bank3:r8:c44 ; 2335:bank2:r8:c45 ; 2335:bank3:r8:c45 ; 2351:bank2:r8:c46 ; 2353:bank2:r8:c47 ; 2353:bank3:r8:c46 ; 2355:bank3:r8:c47,14
70,2363,2373,10,2363:bank2:r8:c48 ; 2363:bank3:r8:c48 ; 2367:bank2:r8:c49 ; 2367:bank3:r8:c49 ; 2371:bank2:r8:c50 ; 2371:bank3:r8:c50 ; 2373:bank2:r8:c51 ; 2373:bank3:r8:c51,2365,2389,24,2365:bank2:r8:c52 ; 2365:bank3:r8:c52 ; 2369:bank2:r8:c53 ; 2369:bank3:r8:c53 ; 2385:bank2:r8:c54 ; 2387:bank2:r8:c55 ; 2387:bank3:r8:c54 ; 2389:bank3:r8:c55,14
71,2397,2407,10,2397:bank2:r8:c56 ; 2397:bank3:r8:c56 ; 2401:bank2:r8:c57 ; 2401:bank3:r8:c57 ; 2405:bank2:r8:c58 ; 2405:bank3:r8:c58 ; 2407:bank2:r8:c59 ; 2407:bank3:r8:c59,2399,2423,24,2399:bank2:r8:c60 ; 2399:bank3:r8:c60 ; 2403:bank2:r8:c61 ; 2403:bank3:r8:c61 ; 2419:bank2:r8:c62 ; 2421:bank2:r8:c63 ; 2421:bank3:r8:c62 ; 2423:bank3:r8:c63,14
72,2463,2477,14,2463:bank2:r9:c0 ; 2465:bank3:r9:c0 ; 2467:bank2:r9:c1 ; 2469:bank3:r9:c1 ; 2471:bank2:r9:c2 ; 2473:bank3:r9:c2 ; 2475:bank2:r9:c3 ; 2477:bank3:r9:c3,2433,2469,36,2433:bank2:r9:c4 ; 2433:bank3:r9:c4 ; 2445:bank2:r9:c5 ; 2445:bank3:r9:c5 ; 2463:bank3:r9:c6 ; 2465:bank2:r9:c6 ; 2467:bank3:r9:c7 ; 2469:bank2:r9:c7,22
73,2479,2485,6,2479:bank2:r9:c8 ; 2479:bank3:r9:c8 ; 2481:bank2:r9:c9 ; 2481:bank3:r9:c9 ; 2483:bank2:r9:c10 ; 2483:bank3:r9:c10 ; 2485:bank2:r9:c11 ; 2485:bank3:r9:c11,2471,2491,20,2471:bank3:r9:c12 ; 2473:bank2:r9:c12 ; 2475:bank3:r9:c13 ; 2477:bank2:r9:c13 ; 2487:bank2:r9:c14 ; 2489:bank2:r9:c15 ; 2489:bank3:r9:c14 ; 2491:bank3:r9:c15,14
74,2499,2509,10,2499:bank2:r9:c16 ; 2499:bank3:r9:c16 ; 2503:bank2:r9:c17 ; 2503:bank3:r9:c17 ; 2507:bank2:r9:c18 ; 2507:bank3:r9:c18 ; 2509:bank2:r9:c19 ; 2509:bank3:r9:c19,2501,2525,24,2501:bank2:r9:c20 ; 2501:bank3:r9:c20 ; 2505:bank2:r9:c21 ; 2505:bank3:r9:c21 ; 2521:bank2:r9:c22 ; 2523:bank2:r9:c23 ; 2523:bank3:r9:c22 ; 2525:bank3:r9:c23,14
75,2533,2543,10,2533:bank2:r9:c24 ; 2533:bank3:r9:c24 ; 2537:bank2:r9:c25 ; 2537:bank3:r9:c25 ; 2541:bank2:r9:c26 ; 2541:bank3:r9:c26 ; 2543:bank2:r9:c27 ; 2543:bank3:r9:c27,2535,2559,24,2535:bank2:r9:c28 ; 2535:bank3:r9:c28 ; 2539:bank2:r9:c29 ; 2539:bank3:r9:c29 ; 2555:bank2:r9:c30 ; 2557:bank2:r9:c31 ; 2557:bank3:r9:c30 ; 2559:bank3:r9:c31,14
76,2567,2577,10,2567:bank2:r9:c32 ; 2567:bank3:r9:c32 ; 2571:bank2:r9:c33 ; 2571:bank3:r9:c33 ; 2575:bank2:r9:c34 ; 2575:bank3:r9:c34 ; 2577:bank2:r9:c35 ; 2577:bank3:r9:c35,2569,2593,24,2569:bank2:r9:c36 ; 2569:bank3:r9:c36 ; 2573:bank2:r9:c37 ; 2573:bank3:r9:c37 ; 2589:bank2:r9:c38 ; 2591:bank2:r9:c39 ; 2591:bank3:r9:c38 ; 2593:bank3:r9:c39,14
77,2601,2611,10,2601:bank2:r9:c40 ; 2601:bank3:r9:c40 ; 2605:bank2:r9:c41 ; 2605:bank3:r9:c41 ; 2609:bank2:r9:c42 ; 2609:bank3:r9:c42 ; 2611:bank2:r9:c43 ; 2611:bank3:r9:c43,2603,2627,24,2603:bank2:r9:c44 ; 2603:bank3:r9:c44 ; 2607:bank2:r9:c45 ; 2607:bank3:r9:c45 ; 2623:bank2:r9:c46 ; 2625:bank2:r9:c47 ; 2625:bank3:r9:c46 ; 2627:bank3:r9:c47,14
78,2635,2645,10,2635:bank2:r9:c48 ; 2635:bank3:r9:c48 ; 2639:bank2:r9:c49 ; 2639:bank3:r9:c49 ; 2643:bank2:r9:c50 ; 2643:bank3:r9:c50 ; 2645:bank2:r9:c51 ; 2645:bank3:r9:c51,2637,2661,24,2637:bank2:r9:c52 ; 2637:bank3:r9:c52 ; 2641:bank2:r9:c53 ; 2641:bank3:r9:c53 ; 2657:bank2:r9:c54 ; 2659:bank2:r9:c55 ; 2659:bank3:r9:c54 ; 2661:bank3:r9:c55,14
79,2669,2679,10,2669:bank2:r9:c56 ; 2669:bank3:r9:c56 ; 2673:bank2:r9:c57 ; 2673:bank3:r9:c57 ; 2677:bank2:r9:c58 ; 2677:bank3:r9:c58 ; 2679:bank2:r9:c59 ; 2679:bank3:r9:c59,2671,2695,24,2671:bank2:r9:c60 ; 2671:bank3:r9:c60 ; 2675:bank2:r9:c61 ; 2675:bank3:r9:c61 ; 2691:bank2:r9:c62 ; 2693:bank2:r9:c63 ; 2693:bank3:r9:c62 ; 2695:bank3:r9:c63,14
80,2735,2749,14,2735:bank2:r10:c0 ; 2737:bank3:r10:c0 ; 2739:bank2:r10:c1 ; 2741:bank3:r10:c1 ; 2743:bank2:r10:c2 ; 2745:bank3:r10:c2 ; 2747:bank2:r10:c3 ; 2749:bank3:r10:c3,2705,2741,36,2705:bank2:r10:c4 ; 2705:bank3:r10:c4 ; 2717:bank2:r10:c5 ; 2717:bank3:r10:c5 ; 2735:bank3:r10:c6 ; 2737:bank2:r10:c6 ; 2739:bank3:r10:c7 ; 2741:bank2:r10:c7,22
81,2751,2757,6,2751:bank2:r10:c8 ; 2751:bank3:r10:c8 ; 2753:bank2:r10:c9 ; 2753:bank3:r10:c9 ; 2755:bank2:r10:c10 ; 2755:bank3:r10:c10 ; 2757:bank2:r10:c11 ; 2757:bank3:r10:c11,2743,2763,20,2743:bank3:r10:c12 ; 2745:bank2:r10:c12 ; 2747:bank3:r10:c13 ; 2749:bank2:r10:c13 ; 2759:bank2:r10:c14 ; 2761:bank2:r10:c15 ; 2761:bank3:r10:c14 ; 2763:bank3:r10:c15,14
82,2771,2781,10,2771:bank2:r10:c16 ; 2771:bank3:r10:c16 ; 2775:bank2:r10:c17 ; 2775:bank3:r10:c17 ; 2779:bank2:r10:c18 ; 2779:bank3:r10:c18 ; 2781:bank2:r10:c19 ; 2781:bank3:r10:c19,2773,2797,24,2773:bank2:r10:c20 ; 2773:bank3:r10:c20 ; 2777:bank2:r10:c21 ; 2777:bank3:r10:c21 ; 2793:bank2:r10:c22 ; 2795:bank2:r10:c23 ; 2795:bank3:r10:c22 ; 2797:bank3:r10:c23,14
83,2805,2815,10,2805:bank2:r10:c24 ; 2805:bank3:r10:c24 ; 2809:bank2:r10:c25 ; 2809:bank3:r10:c25 ; 2813:bank2:r10:c26 ; 2813:bank3:r10:c26 ; 2815:bank2:r10:c27 ; 2815:bank3:r10:c27,2807,2831,24,2807:bank2:r10:c28 ; 2807:bank3:r10:c28 ; 2811:bank2:r10:c29 ; 2811:bank3:r10:c29 ; 2827:bank2:r10:c30 ; 2829:bank2:r10:c31 ; 2829:bank3:r10:c30 ; 2831:bank3:r10:c31,14
84,2839,2849,10,2839:bank2:r10:c32 ; 2839:bank3:r10:c32 ; 2843:bank2:r10:c33 ; 2843:bank3:r10:c33 ; 2847:bank2:r10:c34 ; 2847:bank3:r10:c34 ; 2849:bank2:r10:c35 ; 2849:bank3:r10:c35,2841,2865,24,2841:bank2:r10:c36 ; 2841:bank3:r10:c36 ; 2845:bank2:r10:c37 ; 2845:bank3:r10:c37 ; 2861:bank2:r10:c38 ; 2863:bank2:r10:c39 ; 2863:bank3:r10:c38 ; 2865:bank3:r10:c39,14
85,2873,2883,10,2873:bank2:r10:c40 ; 2873:bank3:r10:c40 ; 2877:bank2:r10:c41 ; 2877:bank3:r10:c41 ; 2881:bank2:r10:c42 ; 2881:bank3:r10:c42 ; 2883:bank2:r10:c43 ; 2883:bank3:r10:c43,2875,2899,24,2875:bank2:r10:c44 ; 2875:bank3:r10:c44 ; 2879:bank2:r10:c45 ; 2879:bank3:r10:c45 ; 2895:bank2:r10:c46 ; 2897:bank2:r10:c47 ; 2897:bank3:r10:c46 ; 2899:bank3:r10:c47,14
86,2907,2917,10,2907:bank2:r10:c48 ; 2907:bank3:r10:c48 ; 2911:bank2:r10:c49 ; 2911:bank3:r10:c49 ; 2915:bank2:r10:c50 ; 2915:bank3:r10:c50 ; 2917:bank2:r10:c51 ; 2917:bank3:r10:c51,2909,2933,24,2909:bank2:r10:c52 ; 2909:bank3:r10:c52 ; 2913:bank2:r10:c53 ; 2913:bank3:r10:c53 ; 2929:bank2:r10:c54 ; 2931:bank2:r10:c55 ; 2931:bank3:r10:c54 ; 2933:bank3:r10:c55,14
87,2941,2951,10,2941:bank2:r10:c56 ; 2941:bank3:r10:c56 ; 2945:bank2:r10:c57 ; 2945:bank3:r10:c57 ; 2949:bank2:r10:c58 ; 2949:bank3:r10:c58 ; 2951:bank2:r10:c59 ; 2951:bank3:r10:c59,2943,2967,24,2943:bank2:r10:c60 ; 2943:bank3:r10:c60 ; 2947:bank2:r10:c61 ; 2947:bank3:r10:c61 ; 2963:bank2:r10:c62 ; 2965:bank2:r10:c63 ; 2965:bank3:r10:c62 ; 2967:bank3:r10:c63,14
88,3007,3021,14,3007:bank2:r11:c0 ; 3009:bank3:r11:c0 ; 3011:bank2:r11:c1 ; 3013:bank3:r11:c1 ; 3015:bank2:r11:c2 ; 3017:bank3:r11:c2 ; 3019:bank2:r11:c3 ; 3021:bank3:r11:c3,2977,3013,36,2977:bank2:r11:c4 ; 2977:bank3:r11:c4 ; 2989:bank2:r11:c5 ; 2989:bank3:r11:c5 ; 3007:bank3:r11:c6 ; 3009:bank2:r11:c6 ; 3011:bank3:r11:c7 ; 3013:bank2:r11:c7,22
89,3023,3029,6,3023:bank2:r11:c8 ; 3023:bank3:r11:c8 ; 3025:bank2:r11:c9 ; 3025:bank3:r11:c9 ; 3027:bank2:r11:c10 ; 3027:bank3:r11:c10 ; 3029:bank2:r11:c11 ; 3029:bank3:r11:c11,3015,3035,20,3015:bank3:r11:c12 ; 3017:bank2:r11:c12 ; 3019:bank3:r11:c13 ; 3021:bank2:r11:c13 ; 3031:bank2:r11:c14 ; 3033:bank2:r11:c15 ; 3033:bank3:r11:c14 ; 3035:bank3:r11:c15,14
90,3043,3053,10,3043:bank2:r11:c16 ; 3043:bank3:r11:c16 ; 3047:bank2:r11:c17 ; 3047:bank3:r11:c17 ; 3051:bank2:r11:c18 ; 3051:bank3:r11:c18 ; 3053:bank2:r11:c19 ; 3053:bank3:r11:c19,3045,3069,24,3045:bank2:r11:c20 ; 3045:bank3:r11:c20 ; 3049:bank2:r11:c21 ; 3049:bank3:r11:c21 ; 3065:bank2:r11:c22 ; 3067:bank2:r11:c23 ; 3067:bank3:r11:c22 ; 3069:bank3:r11:c23,14
91,3077,3087,10,3077:bank2:r11:c24 ; 3077:bank3:r11:c24 ; 3081:bank2:r11:c25 ; 3081:bank3:r11:c25 ; 3085:bank2:r11:c26 ; 3085:bank3:r11:c26 ; 3087:bank2:r11:c27 ; 3087:bank3:r11:c27,3079,3103,24,3079:bank2:r11:c28 ; 3079:bank3:r11:c28 ; 3083:bank2:r11:c29 ; 3083:bank3:r11:c29 ; 3099:bank2:r11:c30 ; 3101:bank2:r11:c31 ; 3101:bank3:r11:c30 ; 3103:bank3:r11:c31,14
92,3111,3121,10,3111:bank2:r11:c32 ; 3111:bank3:r11:c32 ; 3115:bank2:r11:c33 ; 3115:bank3:r11:c33 ; 3119:bank2:r11:c34 ; 3119:bank3:r11:c34 ; 3121:bank2:r11:c35 ; 3121:bank3:r11:c35,3113,3137,24,3113:bank2:r11:c36 ; 3113:bank3:r11:c36 ; 3117:bank2:r11:c37 ; 3117:bank3:r11:c37 ; 3133:bank2:r11:c38 ; 3135:bank2:r11:c39 ; 3135:bank3:r11:c38 ; 3137:bank3:r11:c39,14
93,3145,3155,10,3145:bank2:r11:c40 ; 3145:bank3:r11:c40 ; 3149:bank2:r11:c41 ; 3149:bank3:r11:c41 ; 3153:bank2:r11:c42 ; 3153:bank3:r11:c42 ; 3155:bank2:r11:c43 ; 3155:bank3:r11:c43,3147,3171,24,3147:bank2:r11:c44 ; 3147:bank3:r11:c44 ; 3151:bank2:r11:c45 ; 3151:bank3:r11:c45 ; 3167:bank2:r11:c46 ; 3169:bank2:r11:c47 ; 3169:bank3:r11:c46 ; 3171:bank3:r11:c47,14
94,3179,3189,10,3179:bank2:r11:c48 ; 3179:bank3:r11:c48 ; 3183:bank2:r11:c49 ; 3183:bank3:r11:c49 ; 3187:bank2:r11:c50 ; 3187:bank3:r11:c50 ; 3189:bank2:r11:c51 ; 3189:bank3:r11:c51,3181,3205,24,3181:bank2:r11:c52 ; 3181:bank3:r11:c52 ; 3185:bank2:r11:c53 ; 3185:bank3:r11:c53 ; 3201:bank2:r11:c54 ; 3203:bank2:r11:c55 ; 3203:bank3:r11:c54 ; 3205:bank3:r11:c55,14
95,3213,3223,10,3213:bank2:r11:c56 ; 3213:bank3:r11:c56 ; 3217:bank2:r11:c57 ; 3217:bank3:r11:c57 ; 3221:bank2:r11:c58 ; 3221:bank3:r11:c58 ; 3223:bank2:r11:c59 ; 3223:bank3:r11:c59,3215,3239,24,3215:bank2:r11:c60 ; 3215:bank3:r11:c60 ; 3219:bank2:r11:c61 ; 3219:bank3:r11:c61 ; 3235:bank2:r11:c62 ; 3237:bank2:r11:c63 ; 3237:bank3:r11:c62 ; 3239:bank3:r11:c63,14
96,3279,3293,14,3279:bank2:r12:c0 ; 3281:bank3:r12:c0 ; 3283:bank2:r12:c1 ; 3285:bank3:r12:c1 ; 3287:bank2:r12:c2 ; 3289:bank3:r12:c2 ; 3291:bank2:r12:c3 ; 3293:bank3:r12:c3,3249,3285,36,3249:bank2:r12:c4 ; 3249:bank3:r12:c4 ; 3261:bank2:r12:c5 ; 3261:bank3:r12:c5 ; 3279:bank3:r12:c6 ; 3281:bank2:r12:c6 ; 3283:bank3:r12:c7 ; 3285:bank2:r12:c7,22
97,3295,3301,6,3295:bank2:r12:c8 ; 3295:bank3:r12:c8 ; 3297:bank2:r12:c9 ; 3297:bank3:r12:c9 ; 3299:bank2:r12:c10 ; 3299:bank3:r12:c10 ; 3301:bank2:r12:c11 ; 3301:bank3:r12:c11,3287,3307,20,3287:bank3:r12:c12 ; 3289:bank2:r12:c12 ; 3291:bank3:r12:c13 ; 3293:bank2:r12:c13 ; 3303:bank2:r12:c14 ; 3305:bank2:r12:c15 ; 3305:bank3:r12:c14 ; 3307:bank3:r12:c15,14
98,3315,3325,10,3315:bank2:r12:c16 ; 3315:bank3:r12:c16 ; 3319:bank2:r12:c17 ; 3319:bank3:r12:c17 ; 3323:bank2:r12:c18 ; 3323:bank3:r12:c18 ; 3325:bank2:r12:c19 ; 3325:bank3:r12:c19,3317,3341,24,3317:bank2:r12:c20 ; 3317:bank3:r12:c20 ; 3321:bank2:r12:c21 ; 3321:bank3:r12:c21 ; 3337:bank2:r12:c22 ; 3339:bank2:r12:c23 ; 3339:bank3:r12:c22 ; 3341:bank3:r12:c23,14
99,3349,3359,10,3349:bank2:r12:c24 ; 3349:bank3:r12:c24 ; 3353:bank2:r12:c25 ; 3353:bank3:r12:c25 ; 3357:bank2:r12:c26 ; 3357:bank3:r12:c26 ; 3359:bank2:r12:c27 ; 3359:bank3:r12:c27,3351,3375,24,3351:bank2:r12:c28 ; 3351:bank3:r12:c28 ; 3355:bank2:r12:c29 ; 3355:bank3:r12:c29 ; 3371:bank2:r12:c30 ; 3373:bank2:r12:c31 ; 3373:bank3:r12:c30 ; 3375:bank3:r12:c31,14
100,3383,3393,10,3383:bank2:r12:c32 ; 3383:bank3:r12:c32 ; 3387:bank2:r12:c33 ; 3387:bank3:r12:c33 ; 3391:bank2:r12:c34 ; 3391:bank3:r12:c34 ; 3393:bank2:r12:c35 ; 3393:bank3:r12:c35,3385,3409,24,3385:bank2:r12:c36 ; 3385:bank3:r12:c36 ; 3389:bank2:r12:c37 ; 3389:bank3:r12:c37 ; 3405:bank2:r12:c38 ; 3407:bank2:r12:c39 ; 3407:bank3:r12:c38 ; 3409:bank3:r12:c39,14
101,3417,3427,10,3417:bank2:r12:c40 ; 3417:bank3:r12:c40 ; 3421:bank2:r12:c41 ; 3421:bank3:r12:c41 ; 3425:bank2:r12:c42 ; 3425:bank3:r12:c42 ; 3427:bank2:r12:c43 ; 3427:bank3:r12:c43,3419,3443,24,3419:bank2:r12:c44 ; 3419:bank3:r12:c44 ; 3423:bank2:r12:c45 ; 3423:bank3:r12:c45 ; 3439:bank2:r12:c46 ; 3441:bank2:r12:c47 ; 3441:bank3:r12:c46 ; 3443:bank3:r12:c47,14
102,3451,3461,10,3451:bank2:r12:c48 ; 3451:bank3:r12:c48 ; 3455:bank2:r12:c49 ; 3455:bank3:r12:c49 ; 3459:bank2:r12:c50 ; 3459:bank3:r12:c50 ; 3461:bank2:r12:c51 ; 3461:bank3:r12:c51,3453,3477,24,3453:bank2:r12:c52 ; 3453:bank3:r12:c52 ; 3457:bank2:r12:c53 ; 3457:bank3:r12:c53 ; 3473:bank2:r12:c54 ; 3475:bank2:r12:c55 ; 3475:bank3:r12:c54 ; 3477:bank3:r12:c55,14
103,3485,3495,10,3485:bank2:r12:c56 ; 3485:bank3:r12:c56 ; 3489:bank2:r12:c57 ; 3489:bank3:r12:c57 ; 3493:bank2:r12:c58 ; 3493:bank3:r12:c58 ; 3495:bank2:r12:c59 ; 3495:bank3:r12:c59,3487,3511,24,3487:bank2:r12:c60 ; 3487:bank3:r12:c60 ; 3491:bank2:r12:c61 ; 3491:bank3:r12:c61 ; 3507:bank2:r12:c62 ; 3509:bank2:r12:c63 ; 3509:bank3:r12:c62 ; 3511:bank3:r12:c63,14
104,3551,3565,14,3551:bank2:r13:c0 ; 3553:bank3:r13:c0 ; 3555:bank2:r13:c1 ; 3557:bank3:r13:c1 ; 3559:bank2:r13:c2 ; 3561:bank3:r13:c2 ; 3563:bank2:r13:c3 ; 3565:bank3:r13:c3,3521,3557,36,3521:bank2:r13:c4 ; 3521:bank3:r13:c4 ; 3533:bank2:r13:c5 ; 3533:bank3:r13:c5 ; 3551:bank3:r13:c6 ; 3553:bank2:r13:c6 ; 3555:bank3:r13:c7 ; 3557:bank2:r13:c7,22
105,3567,3573,6,3567:bank2:r13:c8 ; 3567:bank3:r13:c8 ; 3569:bank2:r13:c9 ; 3569:bank3:r13:c9 ; 3571:bank2:r13:c10 ; 3571:bank3:r13:c10 ; 3573:bank2:r13:c11 ; 3573:bank3:r13:c11,3559,3579,20,3559:bank3:r13:c12 ; 3561:bank2:r13:c12 ; 3563:bank3:r13:c13 ; 3565:bank2:r13:c13 ; 3575:bank2:r13:c14 ; 3577:bank2:r13:c15 ; 3577:bank3:r13:c14 ; 3579:bank3:r13:c15,14
106,3587,3597,10,3587:bank2:r13:c16 ; 3587:bank3:r13:c16 ; 3591:bank2:r13:c17 ; 3591:bank3:r13:c17 ; 3595:bank2:r13:c18 ; 3595:bank3:r13:c18 ; 3597:bank2:r13:c19 ; 3597:bank3:r13:c19,3589,3613,24,3589:bank2:r13:c20 ; 3589:bank3:r13:c20 ; 3593:bank2:r13:c21 ; 3593:bank3:r13:c21 ; 3609:bank2:r13:c22 ; 3611:bank2:r13:c23 ; 3611:bank3:r13:c22 ; 3613:bank3:r13:c23,14
107,3621,3631,10,3621:bank2:r13:c24 ; 3621:bank3:r13:c24 ; 3625:bank2:r13:c25 ; 3625:bank3:r13:c25 ; 3629:bank2:r13:c26 ; 3629:bank3:r13:c26 ; 3631:bank2:r13:c27 ; 3631:bank3:r13:c27,3623,3647,24,3623:bank2:r13:c28 ; 3623:bank3:r13:c28 ; 3627:bank2:r13:c29 ; 3627:bank3:r13:c29 ; 3643:bank2:r13:c30 ; 3645:bank2:r13:c31 ; 3645:bank3:r13:c30 ; 3647:bank3:r13:c31,14
108,3655,3665,10,3655:bank2:r13:c32 ; 3655:bank3:r13:c32 ; 3659:bank2:r13:c33 ; 3659:bank3:r13:c33 ; 3663:bank2:r13:c34 ; 3663:bank3:r13:c34 ; 3665:bank2:r13:c35 ; 3665:bank3:r13:c35,3657,3681,24,3657:bank2:r13:c36 ; 3657:bank3:r13:c36 ; 3661:bank2:r13:c37 ; 3661:bank3:r13:c37 ; 3677:bank2:r13:c38 ; 3679:bank2:r13:c39 ; 3679:bank3:r13:c38 ; 3681:bank3:r13:c39,14
109,3689,3699,10,3689:bank2:r13:c40 ; 3689:bank3:r13:c40 ; 3693:bank2:r13:c41 ; 3693:bank3:r13:c41 ; 3697:bank2:r13:c42 ; 3697:bank3:r13:c42 ; 3699:bank2:r13:c43 ; 3699:bank3:r13:c43,3691,3715,24,3691:bank2:r13:c44 ; 3691:bank3:r13:c44 ; 3695:bank2:r13:c45 ; 3695:bank3:r13:c45 ; 3711:bank2:r13:c46 ; 3713:bank2:r13:c47 ; 3713:bank3:r13:c46 ; 3715:bank3:r13:c47,14
110,3723,3733,10,3723:bank2:r13:c48 ; 3723:bank3:r13:c48 ; 3727:bank2:r13:c49 ; 3727:bank3:r13:c49 ; 3731:bank2:r13:c50 ; 3731:bank3:r13:c50 ; 3733:bank2:r13:c51 ; 3733:bank3:r13:c51,3725,3749,24,3725:bank2:r13:c52 ; 3725:bank3:r13:c52 ; 3729:bank2:r13:c53 ; 3729:bank3:r13:c53 ; 3745:bank2:r13:c54 ; 3747:bank2:r13:c55 ; 3747:bank3:r13:c54 ; 3749:bank3:r13:c55,14
111,3757,3767,10,3757:bank2:r13:c56 ; 3757:bank3:r13:c56 ; 3761:bank2:r13:c57 ; 3761:bank3:r13:c57 ; 3765:bank2:r13:c58 ; 3765:bank3:r13:c58 ; 3767:bank2:r13:c59 ; 3767:bank3:r13:c59,3759,3783,24,3759:bank2:r13:c60 ; 3759:bank3:r13:c60 ; 3763:bank2:r13:c61 ; 3763:bank3:r13:c61 ; 3779:bank2:r13:c62 ; 3781:bank2:r13:c63 ; 3781:bank3:r13:c62 ; 3783:bank3:r13:c63,14
112,3823,3837,14,3823:bank2:r14:c0 ; 3825:bank3:r14:c0 ; 3827:bank2:r14:c1 ; 3829:bank3:r14:c1 ; 3831:bank2:r14:c2 ; 3833:bank3:r14:c2 ; 3835:bank2:r14:c3 ; 3837:bank3:r14:c3,3793,3829,36,3793:bank2:r14:c4 ; 3793:bank3:r14:c4 ; 3805:bank2:r14:c5 ; 3805:bank3:r14:c5 ; 3823:bank3:r14:c6 ; 3825:bank2:r14:c6 ; 3827:bank3:r14:c7 ; 3829:bank2:r14:c7,22
113,3839,3845,6,3839:bank2:r14:c8 ; 3839:bank3:r14:c8 ; 3841:bank2:r14:c9 ; 3841:bank3:r14:c9 ; 3843:bank2:r14:c10 ; 3843:bank3:r14:c10 ; 3845:bank2:r14:c11 ; 3845:bank3:r14:c11,3831,3851,20,3831:bank3:r14:c12 ; 3833:bank2:r14:c12 ; 3835:bank3:r14:c13 ; 3837:bank2:r14:c13 ; 3847:bank2:r14:c14 ; 3849:bank2:r14:c15 ; 3849:bank3:r14:c14 ; 3851:bank3:r14:c15,14
114,3859,3869,10,3859:bank2:r14:c16 ; 3859:bank3:r14:c16 ; 3863:bank2:r14:c17 ; 3863:bank3:r14:c17 ; 3867:bank2:r14:c18 ; 3867:bank3:r14:c18 ; 3869:bank2:r14:c19 ; 3869:bank3:r14:c19,3861,3885,24,3861:bank2:r14:c20 ; 3861:bank3:r14:c20 ; 3865:bank2:r14:c21 ; 3865:bank3:r14:c21 ; 3881:bank2:r14:c22 ; 3883:bank2:r14:c23 ; 3883:bank3:r14:c22 ; 3885:bank3:r14:c23,14
115,3893,3903,10,3893:bank2:r14:c24 ; 3893:bank3:r14:c24 ; 3897:bank2:r14:c25 ; 3897:bank3:r14:c25 ; 3901:bank2:r14:c26 ; 3901:bank3:r14:c26 ; 3903:bank2:r14:c27 ; 3903:bank3:r14:c27,3895,3919,24,3895:bank2:r14:c28 ; 3895:bank3:r14:c28 ; 3899:bank2:r14:c29 ; 3899:bank3:r14:c29 ; 3915:bank2:r14:c30 ; 3917:bank2:r14:c31 ; 3917:bank3:r14:c30 ; 3919:bank3:r14:c31,14
116,3927,3937,10,3927:bank2:r14:c32 ; 3927:bank3:r14:c32 ; 3931:bank2:r14:c33 ; 3931:bank3:r14:c33 ; 3935:bank2:r14:c34 ; 3935:bank3:r14:c34 ; 3937:bank2:r14:c35 ; 3937:bank3:r14:c35,3929,3953,24,3929:bank2:r14:c36 ; 3929:bank3:r14:c36 ; 3933:bank2:r14:c37 ; 3933:bank3:r14:c37 ; 3949:bank2:r14:c38 ; 3951:bank2:r14:c39 ; 3951:bank3:r14:c38 ; 3953:bank3:r14:c39,14
117,3961,3971,10,3961:bank2:r14:c40 ; 3961:bank3:r14:c40 ; 3965:bank2:r14:c41 ; 3965:bank3:r14:c41 ; 3969:bank2:r14:c42 ; 3969:bank3:r14:c42 ; 3971:bank2:r14:c43 ; 3971:bank3:r14:c43,3963,3987,24,3963:bank2:r14:c44 ; 3963:bank3:r14:c44 ; 3967:bank2:r14:c45 ; 3967:bank3:r14:c45 ; 3983:bank2:r14:c46 ; 3985:bank2:r14:c47 ; 3985:bank3:r14:c46 ; 3987:bank3:r14:c47,14
118,3995,4005,10,3995:bank2:r14:c48 ; 3995:bank3:r14:c48 ; 3999:bank2:r14:c49 ; 3999:bank3:r14:c49 ; 4003:bank2:r14:c50 ; 4003:bank3:r14:c50 ; 4005:bank2:r14:c51 ; 4005:bank3:r14:c51,3997,4021,24,3997:bank2:r14:c52 ; 3997:bank3:r14:c52 ; 4001:bank2:r14:c53 ; 4001:bank3:r14:c53 ; 4017:bank2:r14:c54 ; 4019:bank2:r14:c55 ; 4019:bank3:r14:c54 ; 4021:bank3:r14:c55,14
119,4029,4039,10,4029:bank2:r14:c56 ; 4029:bank3:r14:c56 ; 4033:bank2:r14:c57 ; 4033:bank3:r14:c57 ; 4037:bank2:r14:c58 ; 4037:bank3:r14:c58 ; 4039:bank2:r14:c59 ; 4039:bank3:r14:c59,4031,4055,24,4031:bank2:r14:c60 ; 4031:bank3:r14:c60 ; 4035:bank2:r14:c61 ; 4035:bank3:r14:c61 ; 4051:bank2:r14:c62 ; 4053:bank2:r14:c63 ; 4053:bank3:r14:c62 ; 4055:bank3:r14:c63,14
120,4095,4109,14,4095:bank2:r15:c0 ; 4097:bank3:r15:c0 ; 4099:bank2:r15:c1 ; 4101:bank3:r15:c1 ; 4103:bank2:r15:c2 ; 4105:bank3:r15:c2 ; 4107:bank2:r15:c3 ; 4109:bank3:r15:c3,4065,4101,36,4065:bank2:r15:c4 ; 4065:bank3:r15:c4 ; 4077:bank2:r15:c5 ; 4077:bank3:r15:c5 ; 4095:bank3:r15:c6 ; 4097:bank2:r15:c6 ; 4099:bank3:r15:c7 ; 4101:bank2:r15:c7,22
121,4111,4117,6,4111:bank2:r15:c8 ; 4111:bank3:r15:c8 ; 4113:bank2:r15:c9 ; 4113:bank3:r15:c9 ; 4115:bank2:r15:c10 ; 4115:bank3:r15:c10 ; 4117:bank2:r15:c11 ; 4117:bank3:r15:c11,4103,4123,20,4103:bank3:r15:c12 ; 4105:bank2:r15:c12 ; 4107:bank3:r15:c13 ; 4109:bank2:r15:c13 ; 4119:bank2:r15:c14 ; 4121:bank2:r15:c15 ; 4121:bank3:r15:c14 ; 4123:bank3:r15:c15,14
122,4131,4141,10,4131:bank2:r15:c16 ; 4131:bank3:r15:c16 ; 4135:bank2:r15:c17 ; 4135:bank3:r15:c17 ; 4139:bank2:r15:c18 ; 4139:bank3:r15:c18 ; 4141:bank2:r15:c19 ; 4141:bank3:r15:c19,4133,4157,24,4133:bank2:r15:c20 ; 4133:bank3:r15:c20 ; 4137:bank2:r15:c21 ; 4137:bank3:r15:c21 ; 4153:bank2:r15:c22 ; 4155:bank2:r15:c23 ; 4155:bank3:r15:c22 ; 4157:bank3:r15:c23,14
123,4165,4175,10,4165:bank2:r15:c24 ; 4165:bank3:r15:c24 ; 4169:bank2:r15:c25 ; 4169:bank3:r15:c25 ; 4173:bank2:r15:c26 ; 4173:bank3:r15:c26 ; 4175:bank2:r15:c27 ; 4175:bank3:r15:c27,4167,4191,24,4167:bank2:r15:c28 ; 4167:bank3:r15:c28 ; 4171:bank2:r15:c29 ; 4171:bank3:r15:c29 ; 4187:bank2:r15:c30 ; 4189:bank2:r15:c31 ; 4189:bank3:r15:c30 ; 4191:bank3:r15:c31,14
124,4199,4209,10,4199:bank2:r15:c32 ; 4199:bank3:r15:c32 ; 4203:bank2:r15:c33 ; 4203:bank3:r15:c33 ; 4207:bank2:r15:c34 ; 4207:bank3:r15:c34 ; 4209:bank2:r15:c35 ; 4209:bank3:r15:c35,4201,4225,24,4201:bank2:r15:c36 ; 4201:bank3:r15:c36 ; 4205:bank2:r15:c37 ; 4205:bank3:r15:c37 ; 4221:bank2:r15:c38 ; 4223:bank2:r15:c39 ; 4223:bank3:r15:c38 ; 4225:bank3:r15:c39,14
125,4233,4243,10,4233:bank2:r15:c40 ; 4233:bank3:r15:c40 ; 4237:bank2:r15:c41 ; 4237:bank3:r15:c41 ; 4241:bank2:r15:c42 ; 4241:bank3:r15:c42 ; 4243:bank2:r15:c43 ; 4243:bank3:r15:c43,4235,4259,24,4235:bank2:r15:c44 ; 4235:bank3:r15:c44 ; 4239:bank2:r15:c45 ; 4239:bank3:r15:c45 ; 4255:bank2:r15:c46 ; 4257:bank2:r15:c47 ; 4257:bank3:r15:c46 ; 4259:bank3:r15:c47,14
126,4267,4277,10,4267:bank2:r15:c48 ; 4267:bank3:r15:c48 ; 4271:bank2:r15:c49 ; 4271:bank3:r15:c49 ; 4275:bank2:r15:c50 ; 4275:bank3:r15:c50 ; 4277:bank2:r15:c51 ; 4277:bank3:r15:c51,4269,4293,24,4269:bank2:r15:c52 ; 4269:bank3:r15:c52 ; 4273:bank2:r15:c53 ; 4273:bank3:r15:c53 ; 4289:bank2:r15:c54 ; 4291:bank2:r15:c55 ; 4291:bank3:r15:c54 ; 4293:bank3:r15:c55,14
127,4301,4311,10,4301:bank2:r15:c56 ; 4301:bank3:r15:c56 ; 4305:bank2:r15:c57 ; 4305:bank3:r15:c57 ; 4309:bank2:r15:c58 ; 4309:bank3:r15:c58 ; 4311:bank2:r15:c59 ; 4311:bank3:r15:c59,4303,4327,24,4303:bank2:r15:c60 ; 4303:bank3:r15:c60 ; 4307:bank2:r15:c61 ; 4307:bank3:r15:c61 ; 4323:bank2:r15:c62 ; 4325:bank2:r15:c63 ; 4325:bank3:r15:c62 ; 4327:bank3:r15:c63,14
128,4367,4381,14,4367:bank2:r16:c0 ; 4369:bank3:r16:c0 ; 4371:bank2:r16:c1 ; 4373:bank3:r16:c1 ; 4375:bank2:r16:c2 ; 4377:bank3:r16:c2 ; 4379:bank2:r16:c3 ; 4381:bank3:r16:c3,4337,4373,36,4337:bank2:r16:c4 ; 4337:bank3:r16:c4 ; 4349:bank2:r16:c5 ; 4349:bank3:r16:c5 ; 4367:bank3:r16:c6 ; 4369:bank2:r16:c6 ; 4371:bank3:r16:c7 ; 4373:bank2:r16:c7,22
129,4383,4389,6,4383:bank2:r16:c8 ; 4383:bank3:r16:c8 ; 4385:bank2:r16:c9 ; 4385:bank3:r16:c9 ; 4387:bank2:r16:c10 ; 4387:bank3:r16:c10 ; 4389:bank2:r16:c11 ; 4389:bank3:r16:c11,4375,4395,20,4375:bank3:r16:c12 ; 4377:bank2:r16:c12 ; 4379:bank3:r16:c13 ; 4381:bank2:r16:c13 ; 4391:bank2:r16:c14 ; 4393:bank2:r16:c15 ; 4393:bank3:r16:c14 ; 4395:bank3:r16:c15,14
130,4403,4413,10,4403:bank2:r16:c16 ; 4403:bank3:r16:c16 ; 4407:bank2:r16:c17 ; 4407:bank3:r16:c17 ; 4411:bank2:r16:c18 ; 4411:bank3:r16:c18 ; 4413:bank2:r16:c19 ; 4413:bank3:r16:c19,4405,4429,24,4405:bank2:r16:c20 ; 4405:bank3:r16:c20 ; 4409:bank2:r16:c21 ; 4409:bank3:r16:c21 ; 4425:bank2:r16:c22 ; 4427:bank2:r16:c23 ; 4427:bank3:r16:c22 ; 4429:bank3:r16:c23,14
131,4437,4447,10,4437:bank2:r16:c24 ; 4437:bank3:r16:c24 ; 4441:bank2:r16:c25 ; 4441:bank3:r16:c25 ; 4445:bank2:r16:c26 ; 4445:bank3:r16:c26 ; 4447:bank2:r16:c27 ; 4447:bank3:r16:c27,4439,4463,24,4439:bank2:r16:c28 ; 4439:bank3:r16:c28 ; 4443:bank2:r16:c29 ; 4443:bank3:r16:c29 ; 4459:bank2:r16:c30 ; 4461:bank2:r16:c31 ; 4461:bank3:r16:c30 ; 4463:bank3:r16:c31,14
132,4471,4481,10,4471:bank2:r16:c32 ; 4471:bank3:r16:c32 ; 4475:bank2:r16:c33 ; 4475:bank3:r16:c33 ; 4479:bank2:r16:c34 ; 4479:bank3:r16:c34 ; 4481:bank2:r16:c35 ; 4481:bank3:r16:c35,4473,4497,24,4473:bank2:r16:c36 ; 4473:bank3:r16:c36 ; 4477:bank2:r16:c37 ; 4477:bank3:r16:c37 ; 4493:bank2:r16:c38 ; 4495:bank2:r16:c39 ; 4495:bank3:r16:c38 ; 4497:bank3:r16:c39,14
133,4505,4515,10,4505:bank2:r16:c40 ; 4505:bank3:r16:c40 ; 4509:bank2:r16:c41 ; 4509:bank3:r16:c41 ; 4513:bank2:r16:c42 ; 4513:bank3:r16:c42 ; 4515:bank2:r16:c43 ; 4515:bank3:r16:c43,4507,4531,24,4507:bank2:r16:c44 ; 4507:bank3:r16:c44 ; 4511:bank2:r16:c45 ; 4511:bank3:r16:c45 ; 4527:bank2:r16:c46 ; 4529:bank2:r16:c47 ; 4529:bank3:r16:c46 ; 4531:bank3:r16:c47,14
134,4539,4549,10,4539:bank2:r16:c48 ; 4539:bank3:r16:c48 ; 4543:bank2:r16:c49 ; 4543:bank3:r16:c49 ; 4547:bank2:r16:c50 ; 4547:bank3:r16:c50 ; 4549:bank2:r16:c51 ; 4549:bank3:r16:c51,4541,4565,24,4541:bank2:r16:c52 ; 4541:bank3:r16:c52 ; 4545:bank2:r16:c53 ; 4545:bank3:r16:c53 ; 4561:bank2:r16:c54 ; 4563:bank2:r16:c55 ; 4563:bank3:r16:c54 ; 4565:bank3:r16:c55,14
135,4573,4583,10,4573:bank2:r16:c56 ; 4573:bank3:r16:c56 ; 4577:bank2:r16:c57 ; 4577:bank3:r16:c57 ; 4581:bank2:r16:c58 ; 4581:bank3:r16:c58 ; 4583:bank2:r16:c59 ; 4583:bank3:r16:c59,4575,4599,24,4575:bank2:r16:c60 ; 4575:bank3:r16:c60 ; 4579:bank2:r16:c61 ; 4579:bank3:r16:c61 ; 4595:bank2:r16:c62 ; 4597:bank2:r16:c63 ; 4597:bank3:r16:c62 ; 4599:bank3:r16:c63,14
136,4639,4653,14,4639:bank2:r17:c0 ; 4641:bank3:r17:c0 ; 4643:bank2:r17:c1 ; 4645:bank3:r17:c1 ; 4647:bank2:r17:c2 ; 4649:bank3:r17:c2 ; 4651:bank2:r17:c3 ; 4653:bank3:r17:c3,4609,4645,36,4609:bank2:r17:c4 ; 4609:bank3:r17:c4 ; 4621:bank2:r17:c5 ; 4621:bank3:r17:c5 ; 4639:bank3:r17:c6 ; 4641:bank2:r17:c6 ; 4643:bank3:r17:c7 ; 4645:bank2:r17:c7,22
137,4655,4661,6,4655:bank2:r17:c8 ; 4655:bank3:r17:c8 ; 4657:bank2:r17:c9 ; 4657:bank3:r17:c9 ; 4659:bank2:r17:c10 ; 4659:bank3:r17:c10 ; 4661:bank2:r17:c11 ; 4661:bank3:r17:c11,4647,4667,20,4647:bank3:r17:c12 ; 4649:bank2:r17:c12 ; 4651:bank3:r17:c13 ; 4653:bank2:r17:c13 ; 4663:bank2:r17:c14 ; 4665:bank2:r17:c15 ; 4665:bank3:r17:c14 ; 4667:bank3:r17:c15,14
138,4675,4685,10,4675:bank2:r17:c16 ; 4675:bank3:r17:c16 ; 4679:bank2:r17:c17 ; 4679:bank3:r17:c17 ; 4683:bank2:r17:c18 ; 4683:bank3:r17:c18 ; 4685:bank2:r17:c19 ; 4685:bank3:r17:c19,4677,4701,24,4677:bank2:r17:c20 ; 4677:bank3:r17:c20 ; 4681:bank2:r17:c21 ; 4681:bank3:r17:c21 ; 4697:bank2:r17:c22 ; 4699:bank2:r17:c23 ; 4699:bank3:r17:c22 ; 4701:bank3:r17:c23,14
139,4709,4719,10,4709:bank2:r17:c24 ; 4709:bank3:r17:c24 ; 4713:bank2:r17:c25 ; 4713:bank3:r17:c25 ; 4717:bank2:r17:c26 ; 4717:bank3:r17:c26 ; 4719:bank2:r17:c27 ; 4719:bank3:r17:c27,4711,4735,24,4711:bank2:r17:c28 ; 4711:bank3:r17:c28 ; 4715:bank2:r17:c29 ; 4715:bank3:r17:c29 ; 4731:bank2:r17:c30 ; 4733:bank2:r17:c31 ; 4733:bank3:r17:c30 ; 4735:bank3:r17:c31,14
140,4743,4753,10,4743:bank2:r17:c32 ; 4743:bank3:r17:c32 ; 4747:bank2:r17:c33 ; 4747:bank3:r17:c33 ; 4751:bank2:r17:c34 ; 4751:bank3:r17:c34 ; 4753:bank2:r17:c35 ; 4753:bank3:r17:c35,4745,4769,24,4745:bank2:r17:c36 ; 4745:bank3:r17:c36 ; 4749:bank2:r17:c37 ; 4749:bank3:r17:c37 ; 4765:bank2:r17:c38 ; 4767:bank2:r17:c39 ; 4767:bank3:r17:c38 ; 4769:bank3:r17:c39,14
141,4777,4787,10,4777:bank2:r17:c40 ; 4777:bank3:r17:c40 ; 4781:bank2:r17:c41 ; 4781:bank3:r17:c41 ; 4785:bank2:r17:c42 ; 4785:bank3:r17:c42 ; 4787:bank2:r17:c43 ; 4787:bank3:r17:c43,4779,4803,24,4779:bank2:r17:c44 ; 4779:bank3:r17:c44 ; 4783:bank2:r17:c45 ; 4783:bank3:r17:c45 ; 4799:bank2:r17:c46 ; 4801:bank2:r17:c47 ; 4801:bank3:r17:c46 ; 4803:bank3:r17:c47,14
142,4811,4821,10,4811:bank2:r17:c48 ; 4811:bank3:r17:c48 ; 4815:bank2:r17:c49 ; 4815:bank3:r17:c49 ; 4819:bank2:r17:c50 ; 4819:bank3:r17:c50 ; 4821:bank2:r17:c51 ; 4821:bank3:r17:c51,4813,4837,24,4813:bank2:r17:c52 ; 4813:bank3:r17:c52 ; 4817:bank2:r17:c53 ; 4817:bank3:r17:c53 ; 4833:bank2:r17:c54 ; 4835:bank2:r17:c55 ; 4835:bank3:r17:c54 ; 4837:bank3:r17:c55,14
143,4845,4855,10,4845:bank2:r17:c56 ; 4845:bank3:r17:c56 ; 4849:bank2:r17:c57 ; 4849:bank3:r17:c57 ; 4853:bank2:r17:c58 ; 4853:bank3:r17:c58 ; 4855:bank2:r17:c59 ; 4855:bank3:r17:c59,4847,4871,24,4847:bank2:r17:c60 ; 4847:bank3:r17:c60 ; 4851:bank2:r17:c61 ; 4851:bank3:r17:c61 ; 4867:bank2:r17:c62 ; 4869:bank2:r17:c63 ; 4869:bank3:r17:c62 ; 4871:bank3:r17:c63,14
144,4911,4925,14,4911:bank2:r18:c0 ; 4913:bank3:r18:c0 ; 4915:bank2:r18:c1 ; 4917:bank3:r18:c1 ; 4919:bank2:r18:c2 ; 4921:bank3:r18:c2 ; 4923:bank2:r18:c3 ; 4925:bank3:r18:c3,4881,4917,36,4881:bank2:r18:c4 ; 4881:bank3:r18:c4 ; 4893:bank2:r18:c5 ; 4893:bank3:r18:c5 ; 4911:bank3:r18:c6 ; 4913:bank2:r18:c6 ; 4915:bank3:r18:c7 ; 4917:bank2:r18:c7,22
145,4927,4933,6,4927:bank2:r18:c8 ; 4927:bank3:r18:c8 ; 4929:bank2:r18:c9 ; 4929:bank3:r18:c9 ; 4931:bank2:r18:c10 ; 4931:bank3:r18:c10 ; 4933:bank2:r18:c11 ; 4933:bank3:r18:c11,4919,4939,20,4919:bank3:r18:c12 ; 4921:bank2:r18:c12 ; 4923:bank3:r18:c13 ; 4925:bank2:r18:c13 ; 4935:bank2:r18:c14 ; 4937:bank2:r18:c15 ; 4937:bank3:r18:c14 ; 4939:bank3:r18:c15,14
146,4947,4957,10,4947:bank2:r18:c16 ; 4947:bank3:r18:c16 ; 4951:bank2:r18:c17 ; 4951:bank3:r18:c17 ; 4955:bank2:r18:c18 ; 4955:bank3:r18:c18 ; 4957:bank2:r18:c19 ; 4957:bank3:r18:c19,4949,4973,24,4949:bank2:r18:c20 ; 4949:bank3:r18:c20 ; 4953:bank2:r18:c21 ; 4953:bank3:r18:c21 ; 4969:bank2:r18:c22 ; 4971:bank2:r18:c23 ; 4971:bank3:r18:c22 ; 4973:bank3:r18:c23,14
147,4981,4991,10,4981:bank2:r18:c24 ; 4981:bank3:r18:c24 ; 4985:bank2:r18:c25 ; 4985:bank3:r18:c25 ; 4989:bank2:r18:c26 ; 4989:bank3:r18:c26 ; 4991:bank2:r18:c27 ; 4991:bank3:r18:c27,4983,5007,24,4983:bank2:r18:c28 ; 4983:bank3:r18:c28 ; 4987:bank2:r18:c29 ; 4987:bank3:r18:c29 ; 5003:bank2:r18:c30 ; 5005:bank2:r18:c31 ; 5005:bank3:r18:c30 ; 5007:bank3:r18:c31,14
148,5015,5025,10,5015:bank2:r18:c32 ; 5015:bank3:r18:c32 ; 5019:bank2:r18:c33 ; 5019:bank3:r18:c33 ; 5023:bank2:r18:c34 ; 5023:bank3:r18:c34 ; 5025:bank2:r18:c35 ; 5025:bank3:r18:c35,5017,5041,24,5017:bank2:r18:c36 ; 5017:bank3:r18:c36 ; 5021:bank2:r18:c37 ; 5021:bank3:r18:c37 ; 5037:bank2:r18:c38 ; 5039:bank2:r18:c39 ; 5039:bank3:r18:c38 ; 5041:bank3:r18:c39,14
149,5049,5059,10,5049:bank2:r18:c40 ; 5049:bank3:r18:c40 ; 5053:bank2:r18:c41 ; 5053:bank3:r18:c41 ; 5057:bank2:r18:c42 ; 5057:bank3:r18:c42 ; 5059:bank2:r18:c43 ; 5059:bank3:r18:c43,5051,5075,24,5051:bank2:r18:c44 ; 5051:bank3:r18:c44 ; 5055:bank2:r18:c45 ; 5055:bank3:r18:c45 ; 5071:bank2:r18:c46 ; 5073:bank2:r18:c47 ; 5073:bank3:r18:c46 ; 5075:bank3:r18:c47,14
150,5083,5093,10,5083:bank2:r18:c48 ; 5083:bank3:r18:c48 ; 5087:bank2:r18:c49 ; 5087:bank3:r18:c49 ; 5091:bank2:r18:c50 ; 5091:bank3:r18:c50 ; 5093:bank2:r18:c51 ; 5093:bank3:r18:c51,5085,5109,24,5085:bank2:r18:c52 ; 5085:bank3:r18:c52 ; 5089:bank2:r18:c53 ; 5089:bank3:r18:c53 ; 5105:bank2:r18:c54 ; 5107:bank2:r18:c55 ; 5107:bank3:r18:c54 ; 5109:bank3:r18:c55,14
151,5117,5127,10,5117:bank2:r18:c56 ; 5117:bank3:r18:c56 ; 5121:bank2:r18:c57 ; 5121:bank3:r18:c57 ; 5125:bank2:r18:c58 ; 5125:bank3:r18:c58 ; 5127:bank2:r18:c59 ; 5127:bank3:r18:c59,5119,5143,24,5119:bank2:r18:c60 ; 5119:bank3:r18:c60 ; 5123:bank2:r18:c61 ; 5123:bank3:r18:c61 ; 5139:bank2:r18:c62 ; 5141:bank2:r18:c63 ; 5141:bank3:r18:c62 ; 5143:bank3:r18:c63,14
152,5183,5197,14,5183:bank2:r19:c0 ; 5185:bank3:r19:c0 ; 5187:bank2:r19:c1 ; 5189:bank3:r19:c1 ; 5191:bank2:r19:c2 ; 5193:bank3:r19:c2 ; 5195:bank2:r19:c3 ; 5197:bank3:r19:c3,5153,5189,36,5153:bank2:r19:c4 ; 5153:bank3:r19:c4 ; 5165:bank2:r19:c5 ; 5165:bank3:r19:c5 ; 5183:bank3:r19:c6 ; 5185:bank2:r19:c6 ; 5187:bank3:r19:c7 ; 5189:bank2:r19:c7,22
153,5199,5205,6,5199:bank2:r19:c8 ; 5199:bank3:r19:c8 ; 5201:bank2:r19:c9 ; 5201:bank3:r19:c9 ; 5203:bank2:r19:c10 ; 5203:bank3:r19:c10 ; 5205:bank2:r19:c11 ; 5205:bank3:r19:c11,5191,5211,20,5191:bank3:r19:c12 ; 5193:bank2:r19:c12 ; 5195:bank3:r19:c13 ; 5197:bank2:r19:c13 ; 5207:bank2:r19:c14 ; 5209:bank2:r19:c15 ; 5209:bank3:r19:c14 ; 5211:bank3:r19:c15,14
154,5219,5229,10,5219:bank2:r19:c16 ; 5219:bank3:r19:c16 ; 5223:bank2:r19:c17 ; 5223:bank3:r19:c17 ; 5227:bank2:r19:c18 ; 5227:bank3:r19:c18 ; 5229:bank2:r19:c19 ; 5229:bank3:r19:c19,5221,5245,24,5221:bank2:r19:c20 ; 5221:bank3:r19:c20 ; 5225:bank2:r19:c21 ; 5225:bank3:r19:c21 ; 5241:bank2:r19:c22 ; 5243:bank2:r19:c23 ; 5243:bank3:r19:c22 ; 5245:bank3:r19:c23,14
155,5253,5263,10,5253:bank2:r19:c24 ; 5253:bank3:r19:c24 ; 5257:bank2:r19:c25 ; 5257:bank3:r19:c25 ; 5261:bank2:r19:c26 ; 5261:bank3:r19:c26 ; 5263:bank2:r19:c27 ; 5263:bank3:r19:c27,5255,5279,24,5255:bank2:r19:c28 ; 5255:bank3:r19:c28 ; 5259:bank2:r19:c29 ; 5259:bank3:r19:c29 ; 5275:bank2:r19:c30 ; 5277:bank2:r19:c31 ; 5277:bank3:r19:c30 ; 5279:bank3:r19:c31,14
156,5287,5297,10,5287:bank2:r19:c32 ; 5287:bank3:r19:c32 ; 5291:bank2:r19:c33 ; 5291:bank3:r19:c33 ; 5295:bank2:r19:c34 ; 5295:bank3:r19:c34 ; 5297:bank2:r19:c35 ; 5297:bank3:r19:c35,5289,5313,24,5289:bank2:r19:c36 ; 5289:bank3:r19:c36 ; 5293:bank2:r19:c37 ; 5293:bank3:r19:c37 ; 5309:bank2:r19:c38 ; 5311:bank2:r19:c39 ; 5311:bank3:r19:c38 ; 5313:bank3:r19:c39,14
157,5321,5331,10,5321:bank2:r19:c40 ; 5321:bank3:r19:c40 ; 5325:bank2:r19:c41 ; 5325:bank3:r19:c41 ; 5329:bank2:r19:c42 ; 5329:bank3:r19:c42 ; 5331:bank2:r19:c43 ; 5331:bank3:r19:c43,5323,5347,24,5323:bank2:r19:c44 ; 5323:bank3:r19:c44 ; 5327:bank2:r19:c45 ; 5327:bank3:r19:c45 ; 5343:bank2:r19:c46 ; 5345:bank2:r19:c47 ; 5345:bank3:r19:c46 ; 5347:bank3:r19:c47,14
158,5355,5365,10,5355:bank2:r19:c48 ; 5355:bank3:r19:c48 ; 5359:bank2:r19:c49 ; 5359:bank3:r19:c49 ; 5363:bank2:r19:c50 ; 5363:bank3:r19:c50 ; 5365:bank2:r19:c51 ; 5365:bank3:r19:c51,5357,5381,24,5357:bank2:r19:c52 ; 5357:bank3:r19:c52 ; 5361:bank2:r19:c53 ; 5361:bank3:r19:c53 ; 5377:bank2:r19:c54 ; 5379:bank2:r19:c55 ; 5379:bank3:r19:c54 ; 5381:bank3:r19:c55,14
159,5389,5399,10,5389:bank2:r19:c56 ; 5389:bank3:r19:c56 ; 5393:bank2:r19:c57 ; 5393:bank3:r19:c57 ; 5397:bank2:r19:c58 ; 5397:bank3:r19:c58 ; 5399:bank2:r19:c59 ; 5399:bank3:r19:c59,5391,5415,24,5391:bank2:r19:c60 ; 5391:bank3:r19:c60 ; 5395:bank2:r19:c61 ; 5395:bank3:r19:c61 ; 5411:bank2:r19:c62 ; 5413:bank2:r19:c63 ; 5413:bank3:r19:c62 ; 5415:bank3:r19:c63,14
160,5455,5469,14,5455:bank2:r20:c0 ; 5457:bank3:r20:c0 ; 5459:bank2:r20:c1 ; 5461:bank3:r20:c1 ; 5463:bank2:r20:c2 ; 5465:bank3:r20:c2 ; 5467:bank2:r20:c3 ; 5469:bank3:r20:c3,5425,5461,36,5425:bank2:r20:c4 ; 5425:bank3:r20:c4 ; 5437:bank2:r20:c5 ; 5437:bank3:r20:c5 ; 5455:bank3:r20:c6 ; 5457:bank2:r20:c6 ; 5459:bank3:r20:c7 ; 5461:bank2:r20:c7,22
161,5471,5477,6,5471:bank2:r20:c8 ; 5471:bank3:r20:c8 ; 5473:bank2:r20:c9 ; 5473:bank3:r20:c9 ; 5475:bank2:r20:c10 ; 5475:bank3:r20:c10 ; 5477:bank2:r20:c11 ; 5477:bank3:r20:c11,5463,5483,20,5463:bank3:r20:c12 ; 5465:bank2:r20:c12 ; 5467:bank3:r20:c13 ; 5469:bank2:r20:c13 ; 5479:bank2:r20:c14 ; 5481:bank2:r20:c15 ; 5481:bank3:r20:c14 ; 5483:bank3:r20:c15,14
162,5491,5501,10,5491:bank2:r20:c16 ; 5491:bank3:r20:c16 ; 5495:bank2:r20:c17 ; 5495:bank3:r20:c17 ; 5499:bank2:r20:c18 ; 5499:bank3:r20:c18 ; 5501:bank2:r20:c19 ; 5501:bank3:r20:c19,5493,5517,24,5493:bank2:r20:c20 ; 5493:bank3:r20:c20 ; 5497:bank2:r20:c21 ; 5497:bank3:r20:c21 ; 5513:bank2:r20:c22 ; 5515:bank2:r20:c23 ; 5515:bank3:r20:c22 ; 5517:bank3:r20:c23,14
163,5525,5535,10,5525:bank2:r20:c24 ; 5525:bank3:r20:c24 ; 5529:bank2:r20:c25 ; 5529:bank3:r20:c25 ; 5533:bank2:r20:c26 ; 5533:bank3:r20:c26 ; 5535:bank2:r20:c27 ; 5535:bank3:r20:c27,5527,5551,24,5527:bank2:r20:c28 ; 5527:bank3:r20:c28 ; 5531:bank2:r20:c29 ; 5531:bank3:r20:c29 ; 5547:bank2:r20:c30 ; 5549:bank2:r20:c31 ; 5549:bank3:r20:c30 ; 5551:bank3:r20:c31,14
164,5559,5569,10,5559:bank2:r20:c32 ; 5559:bank3:r20:c32 ; 5563:bank2:r20:c33 ; 5563:bank3:r20:c33 ; 5567:bank2:r20:c34 ; 5567:bank3:r20:c34 ; 5569:bank2:r20:c35 ; 5569:bank3:r20:c35,5561,5585,24,5561:bank2:r20:c36 ; 5561:bank3:r20:c36 ; 5565:bank2:r20:c37 ; 5565:bank3:r20:c37 ; 5581:bank2:r20:c38 ; 5583:bank2:r20:c39 ; 5583:bank3:r20:c38 ; 5585:bank3:r20:c39,14
165,5593,5603,10,5593:bank2:r20:c40 ; 5593:bank3:r20:c40 ; 5597:bank2:r20:c41 ; 5597:bank3:r20:c41 ; 5601:bank2:r20:c42 ; 5601:bank3:r20:c42 ; 5603:bank2:r20:c43 ; 5603:bank3:r20:c43,5595,5619,24,5595:bank2:r20:c44 ; 5595:bank3:r20:c44 ; 5599:bank2:r20:c45 ; 5599:bank3:r20:c45 ; 5615:bank2:r20:c46 ; 5617:bank2:r20:c47 ; 5617:bank3:r20:c46 ; 5619:bank3:r20:c47,14
166,5627,5637,10,5627:bank2:r20:c48 ; 5627:bank3:r20:c48 ; 5631:bank2:r20:c49 ; 5631:bank3:r20:c49 ; 5635:bank2:r20:c50 ; 5635:bank3:r20:c50 ; 5637:bank2:r20:c51 ; 5637:bank3:r20:c51,5629,5653,24,5629:bank2:r20:c52 ; 5629:bank3:r20:c52 ; 5633:bank2:r20:c53 ; 5633:bank3:r20:c53 ; 5649:bank2:r20:c54 ; 5651:bank2:r20:c55 ; 5651:bank3:r20:c54 ; 5653:bank3:r20:c55,14
167,5661,5671,10,5661:bank2:r20:c56 ; 5661:bank3:r20:c56 ; 5665:bank2:r20:c57 ; 5665:bank3:r20:c57 ; 5669:bank2:r20:c58 ; 5669:bank3:r20:c58 ; 5671:bank2:r20:c59 ; 5671:bank3:r20:c59,5663,5687,24,5663:bank2:r20:c60 ; 5663:bank3:r20:c60 ; 5667:bank2:r20:c61 ; 5667:bank3:r20:c61 ; 5683:bank2:r20:c62 ; 5685:bank2:r20:c63 ; 5685:bank3:r20:c62 ; 5687:bank3:r20:c63,14
168,5727,5741,14,5727:bank2:r21:c0 ; 5729:bank3:r21:c0 ; 5731:bank2:r21:c1 ; 5733:bank3:r21:c1 ; 5735:bank2:r21:c2 ; 5737:bank3:r21:c2 ; 5739:bank2:r21:c3 ; 5741:bank3:r21:c3,5697,5733,36,5697:bank2:r21:c4 ; 5697:bank3:r21:c4 ; 5709:bank2:r21:c5 ; 5709:bank3:r21:c5 ; 5727:bank3:r21:c6 ; 5729:bank2:r21:c6 ; 5731:bank3:r21:c7 ; 5733:bank2:r21:c7,22
169,5743,5749,6,5743:bank2:r21:c8 ; 5743:bank3:r21:c8 ; 5745:bank2:r21:c9 ; 5745:bank3:r21:c9 ; 5747:bank2:r21:c10 ; 5747:bank3:r21:c10 ; 5749:bank2:r21:c11 ; 5749:bank3:r21:c11,5735,5755,20,5735:bank3:r21:c12 ; 5737:bank2:r21:c12 ; 5739:bank3:r21:c13 ; 5741:bank2:r21:c13 ; 5751:bank2:r21:c14 ; 5753:bank2:r21:c15 ; 5753:bank3:r21:c14 ; 5755:bank3:r21:c15,14
170,5763,5773,10,5763:bank2:r21:c16 ; 5763:bank3:r21:c16 ; 5767:bank2:r21:c17 ; 5767:bank3:r21:c17 ; 5771:bank2:r21:c18 ; 5771:bank3:r21:c18 ; 5773:bank2:r21:c19 ; 5773:bank3:r21:c19,5765,5789,24,5765:bank2:r21:c20 ; 5765:bank3:r21:c20 ; 5769:bank2:r21:c21 ; 5769:bank3:r21:c21 ; 5785:bank2:r21:c22 ; 5787:bank2:r21:c23 ; 5787:bank3:r21:c22 ; 5789:bank3:r21:c23,14
171,5797,5807,10,5797:bank2:r21:c24 ; 5797:bank3:r21:c24 ; 5801:bank2:r21:c25 ; 5801:bank3:r21:c25 ; 5805:bank2:r21:c26 ; 5805:bank3:r21:c26 ; 5807:bank2:r21:c27 ; 5807:bank3:r21:c27,5799,5823,24,5799:bank2:r21:c28 ; 5799:bank3:r21:c28 ; 5803:bank2:r21:c29 ; 5803:bank3:r21:c29 ; 5819:bank2:r21:c30 ; 5821:bank2:r21:c31 ; 5821:bank3:r21:c30 ; 5823:bank3:r21:c31,14
172,5831,5841,10,5831:bank2:r21:c32 ; 5831:bank3:r21:c32 ; 5835:bank2:r21:c33 ; 5835:bank3:r21:c33 ; 5839:bank2:r21:c34 ; 5839:bank3:r21:c34 ; 5841:bank2:r21:c35 ; 5841:bank3:r21:c35,5833,5857,24,5833:bank2:r21:c36 ; 5833:bank3:r21:c36 ; 5837:bank2:r21:c37 ; 5837:bank3:r21:c37 ; 5853:bank2:r21:c38 ; 5855:bank2:r21:c39 ; 5855:bank3:r21:c38 ; 5857:bank3:r21:c39,14
173,5865,5875,10,5865:bank2:r21:c40 ; 5865:bank3:r21:c40 ; 5869:bank2:r21:c41 ; 5869:bank3:r21:c41 ; 5873:bank2:r21:c42 ; 5873:bank3:r21:c42 ; 5875:bank2:r21:c43 ; 5875:bank3:r21:c43,5867,5891,24,5867:bank2:r21:c44 ; 5867:bank3:r21:c44 ; 5871:bank2:r21:c45 ; 5871:bank3:r21:c45 ; 5887:bank2:r21:c46 ; 5889:bank2:r21:c47 ; 5889:bank3:r21:c46 ; 5891:bank3:r21:c47,14
174,5899,5909,10,5899:bank2:r21:c48 ; 5899:bank3:r21:c48 ; 5903:bank2:r21:c49 ; 5903:bank3:r21:c49 ; 5907:bank2:r21:c50 ; 5907:bank3:r21:c50 ; 5909:bank2:r21:c51 ; 5909:bank3:r21:c51,5901,5925,24,5901:bank2:r21:c52 ; 5901:bank3:r21:c52 ; 5905:bank2:r21:c53 ; 5905:bank3:r21:c53 ; 5921:bank2:r21:c54 ; 5923:bank2:r21:c55 ; 5923:bank3:r21:c54 ; 5925:bank3:r21:c55,14
175,5933,5943,10,5933:bank2:r21:c56 ; 5933:bank3:r21:c56 ; 5937:bank2:r21:c57 ; 5937:bank3:r21:c57 ; 5941:bank2:r21:c58 ; 5941:bank3:r21:c58 ; 5943:bank2:r21:c59 ; 5943:bank3:r21:c59,5935,5959,24,5935:bank2:r21:c60 ; 5935:bank3:r21:c60 ; 5939:bank2:r21:c61 ; 5939:bank3:r21:c61 ; 5955:bank2:r21:c62 ; 5957:bank2:r21:c63 ; 5957:bank3:r21:c62 ; 5959:bank3:r21:c63,14
176,5999,6013,14,5999:bank2:r22:c0 ; 6001:bank3:r22:c0 ; 6003:bank2:r22:c1 ; 6005:bank3:r22:c1 ; 6007:bank2:r22:c2 ; 6009:bank3:r22:c2 ; 6011:bank2:r22:c3 ; 6013:bank3:r22:c3,5969,6005,36,5969:bank2:r22:c4 ; 5969:bank3:r22:c4 ; 5981:bank2:r22:c5 ; 5981:bank3:r22:c5 ; 5999:bank3:r22:c6 ; 6001:bank2:r22:c6 ; 6003:bank3:r22:c7 ; 6005:bank2:r22:c7,22
177,6015,6021,6,6015:bank2:r22:c8 ; 6015:bank3:r22:c8 ; 6017:bank2:r22:c9 ; 6017:bank3:r22:c9 ; 6019:bank2:r22:c10 ; 6019:bank3:r22:c10 ; 6021:bank2:r22:c11 ; 6021:bank3:r22:c11,6007,6027,20,6007:bank3:r22:c12 ; 6009:bank2:r22:c12 ; 6011:bank3:r22:c13 ; 6013:bank2:r22:c13 ; 6023:bank2:r22:c14 ; 6025:bank2:r22:c15 ; 6025:bank3:r22:c14 ; 6027:bank3:r22:c15,14
178,6035,6045,10,6035:bank2:r22:c16 ; 6035:bank3:r22:c16 ; 6039:bank2:r22:c17 ; 6039:bank3:r22:c17 ; 6043:bank2:r22:c18 ; 6043:bank3:r22:c18 ; 6045:bank2:r22:c19 ; 6045:bank3:r22:c19,6037,6061,24,6037:bank2:r22:c20 ; 6037:bank3:r22:c20 ; 6041:bank2:r22:c21 ; 6041:bank3:r22:c21 ; 6057:bank2:r22:c22 ; 6059:bank2:r22:c23 ; 6059:bank3:r22:c22 ; 6061:bank3:r22:c23,14
179,6069,6079,10,6069:bank2:r22:c24 ; 6069:bank3:r22:c24 ; 6073:bank2:r22:c25 ; 6073:bank3:r22:c25 ; 6077:bank2:r22:c26 ; 6077:bank3:r22:c26 ; 6079:bank2:r22:c27 ; 6079:bank3:r22:c27,6071,6095,24,6071:bank2:r22:c28 ; 6071:bank3:r22:c28 ; 6075:bank2:r22:c29 ; 6075:bank3:r22:c29 ; 6091:bank2:r22:c30 ; 6093:bank2:r22:c31 ; 6093:bank3:r22:c30 ; 6095:bank3:r22:c31,14
180,6103,6113,10,6103:bank2:r22:c32 ; 6103:bank3:r22:c32 ; 6107:bank2:r22:c33 ; 6107:bank3:r22:c33 ; 6111:bank2:r22:c34 ; 6111:bank3:r22:c34 ; 6113:bank2:r22:c35 ; 6113:bank3:r22:c35,6105,6129,24,6105:bank2:r22:c36 ; 6105:bank3:r22:c36 ; 6109:bank2:r22:c37 ; 6109:bank3:r22:c37 ; 6125:bank2:r22:c38 ; 6127:bank2:r22:c39 ; 6127:bank3:r22:c38 ; 6129:bank3:r22:c39,14
181,6137,6147,10,6137:bank2:r22:c40 ; 6137:bank3:r22:c40 ; 6141:bank2:r22:c41 ; 6141:bank3:r22:c41 ; 6145:bank2:r22:c42 ; 6145:bank3:r22:c42 ; 6147:bank2:r22:c43 ; 6147:bank3:r22:c43,6139,6163,24,6139:bank2:r22:c44 ; 6139:bank3:r22:c44 ; 6143:bank2:r22:c45 ; 6143:bank3:r22:c45 ; 6159:bank2:r22:c46 ; 6161:bank2:r22:c47 ; 6161:bank3:r22:c46 ; 6163:bank3:r22:c47,14
182,6171,6181,10,6171:bank2:r22:c48 ; 6171:bank3:r22:c48 ; 6175:bank2:r22:c49 ; 6175:bank3:r22:c49 ; 6179:bank2:r22:c50 ; 6179:bank3:r22:c50 ; 6181:bank2:r22:c51 ; 6181:bank3:r22:c51,6173,6197,24,6173:bank2:r22:c52 ; 6173:bank3:r22:c52 ; 6177:bank2:r22:c53 ; 6177:bank3:r22:c53 ; 6193:bank2:r22:c54 ; 6195:bank2:r22:c55 ; 6195:bank3:r22:c54 ; 6197:bank3:r22:c55,14
183,6205,6215,10,6205:bank2:r22:c56 ; 6205:bank3:r22:c56 ; 6209:bank2:r22:c57 ; 6209:bank3:r22:c57 ; 6213:bank2:r22:c58 ; 6213:bank3:r22:c58 ; 6215:bank2:r22:c59 ; 6215:bank3:r22:c59,6207,6231,24,6207:bank2:r22:c60 ; 6207:bank3:r22:c60 ; 6211:bank2:r22:c61 ; 6211:bank3:r22:c61 ; 6227:bank2:r22:c62 ; 6229:bank2:r22:c63 ; 6229:bank3:r22:c62 ; 6231:bank3:r22:c63,14
184,6271,6285,14,6271:bank2:r23:c0 ; 6273:bank3:r23:c0 ; 6275:bank2:r23:c1 ; 6277:bank3:r23:c1 ; 6279:bank2:r23:c2 ; 6281:bank3:r23:c2 ; 6283:bank2:r23:c3 ; 6285:bank3:r23:c3,6241,6277,36,6241:bank2:r23:c4 ; 6241:bank3:r23:c4 ; 6253:bank2:r23:c5 ; 6253:bank3:r23:c5 ; 6271:bank3:r23:c6 ; 6273:bank2:r23:c6 ; 6275:bank3:r23:c7 ; 6277:bank2:r23:c7,22
185,6287,6293,6,6287:bank2:r23:c8 ; 6287:bank3:r23:c8 ; 6289:bank2:r23:c9 ; 6289:bank3:r23:c9 ; 6291:bank2:r23:c10 ; 6291:bank3:r23:c10 ; 6293:bank2:r23:c11 ; 6293:bank3:r23:c11,6279,6299,20,6279:bank3:r23:c12 ; 6281:bank2:r23:c12 ; 6283:bank3:r23:c13 ; 6285:bank2:r23:c13 ; 6295:bank2:r23:c14 ; 6297:bank2:r23:c15 ; 6297:bank3:r23:c14 ; 6299:bank3:r23:c15,14
186,6307,6317,10,6307:bank2:r23:c16 ; 6307:bank3:r23:c16 ; 6311:bank2:r23:c17 ; 6311:bank3:r23:c17 ; 6315:bank2:r23:c18 ; 6315:bank3:r23:c18 ; 6317:bank2:r23:c19 ; 6317:bank3:r23:c19,6309,6333,24,6309:bank2:r23:c20 ; 6309:bank3:r23:c20 ; 6313:bank2:r23:c21 ; 6313:bank3:r23:c21 ; 6329:bank2:r23:c22 ; 6331:bank2:r23:c23 ; 6331:bank3:r23:c22 ; 6333:bank3:r23:c23,14
187,6341,6351,10,6341:bank2:r23:c24 ; 6341:bank3:r23:c24 ; 6345:bank2:r23:c25 ; 6345:bank3:r23:c25 ; 6349:bank2:r23:c26 ; 6349:bank3:r23:c26 ; 6351:bank2:r23:c27 ; 6351:bank3:r23:c27,6343,6367,24,6343:bank2:r23:c28 ; 6343:bank3:r23:c28 ; 6347:bank2:r23:c29 ; 6347:bank3:r23:c29 ; 6363:bank2:r23:c30 ; 6365:bank2:r23:c31 ; 6365:bank3:r23:c30 ; 6367:bank3:r23:c31,14
188,6375,6385,10,6375:bank2:r23:c32 ; 6375:bank3:r23:c32 ; 6379:bank2:r23:c33 ; 6379:bank3:r23:c33 ; 6383:bank2:r23:c34 ; 6383:bank3:r23:c34 ; 6385:bank2:r23:c35 ; 6385:bank3:r23:c35,6377,6401,24,6377:bank2:r23:c36 ; 6377:bank3:r23:c36 ; 6381:bank2:r23:c37 ; 6381:bank3:r23:c37 ; 6397:bank2:r23:c38 ; 6399:bank2:r23:c39 ; 6399:bank3:r23:c38 ; 6401:bank3:r23:c39,14
189,6409,6419,10,6409:bank2:r23:c40 ; 6409:bank3:r23:c40 ; 6413:bank2:r23:c41 ; 6413:bank3:r23:c41 ; 6417:bank2:r23:c42 ; 6417:bank3:r23:c42 ; 6419:bank2:r23:c43 ; 6419:bank3:r23:c43,6411,6435,24,6411:bank2:r23:c44 ; 6411:bank3:r23:c44 ; 6415:bank2:r23:c45 ; 6415:bank3:r23:c45 ; 6431:bank2:r23:c46 ; 6433:bank2:r23:c47 ; 6433:bank3:r23:c46 ; 6435:bank3:r23:c47,14
190,6443,6453,10,6443:bank2:r23:c48 ; 6443:bank3:r23:c48 ; 6447:bank2:r23:c49 ; 6447:bank3:r23:c49 ; 6451:bank2:r23:c50 ; 6451:bank3:r23:c50 ; 6453:bank2:r23:c51 ; 6453:bank3:r23:c51,6445,6469,24,6445:bank2:r23:c52 ; 6445:bank3:r23:c52 ; 6449:bank2:r23:c53 ; 6449:bank3:r23:c53 ; 6465:bank2:r23:c54 ; 6467:bank2:r23:c55 ; 6467:bank3:r23:c54 ; 6469:bank3:r23:c55,14
191,6477,6487,10,6477:bank2:r23:c56 ; 6477:bank3:r23:c56 ; 6481:bank2:r23:c57 ; 6481:bank3:r23:c57 ; 6485:bank2:r23:c58 ; 6485:bank3:r23:c58 ; 6487:bank2:r23:c59 ; 6487:bank3:r23:c59,6479,6503,24,6479:bank2:r23:c60 ; 6479:bank3:r23:c60 ; 6483:bank2:r23:c61 ; 6483:bank3:r23:c61 ; 6499:bank2:r23:c62 ; 6501:bank2:r23:c63 ; 6501:bank3:r23:c62 ; 6503:bank3:r23:c63,14
192,6543,6557,14,6543:bank2:r24:c0 ; 6545:bank3:r24:c0 ; 6547:bank2:r24:c1 ; 6549:bank3:r24:c1 ; 6551:bank2:r24:c2 ; 6553:bank3:r24:c2 ; 6555:bank2:r24:c3 ; 6557:bank3:r24:c3,6513,6549,36,6513:bank2:r24:c4 ; 6513:bank3:r24:c4 ; 6525:bank2:r24:c5 ; 6525:bank3:r24:c5 ; 6543:bank3:r24:c6 ; 6545:bank2:r24:c6 ; 6547:bank3:r24:c7 ; 6549:bank2:r24:c7,22
193,6559,6565,6,6559:bank2:r24:c8 ; 6559:bank3:r24:c8 ; 6561:bank2:r24:c9 ; 6561:bank3:r24:c9 ; 6563:bank2:r24:c10 ; 6563:bank3:r24:c10 ; 6565:bank2:r24:c11 ; 6565:bank3:r24:c11,6551,6571,20,6551:bank3:r24:c12 ; 6553:bank2:r24:c12 ; 6555:bank3:r24:c13 ; 6557:bank2:r24:c13 ; 6567:bank2:r24:c14 ; 6569:bank2:r24:c15 ; 6569:bank3:r24:c14 ; 6571:bank3:r24:c15,14
194,6579,6589,10,6579:bank2:r24:c16 ; 6579:bank3:r24:c16 ; 6583:bank2:r24:c17 ; 6583:bank3:r24:c17 ; 6587:bank2:r24:c18 ; 6587:bank3:r24:c18 ; 6589:bank2:r24:c19 ; 6589:bank3:r24:c19,6581,6605,24,6581:bank2:r24:c20 ; 6581:bank3:r24:c20 ; 6585:bank2:r24:c21 ; 6585:bank3:r24:c21 ; 6601:bank2:r24:c22 ; 6603:bank2:r24:c23 ; 6603:bank3:r24:c22 ; 6605:bank3:r24:c23,14
195,6613,6623,10,6613:bank2:r24:c24 ; 6613:bank3:r24:c24 ; 6617:bank2:r24:c25 ; 6617:bank3:r24:c25 ; 6621:bank2:r24:c26 ; 6621:bank3:r24:c26 ; 6623:bank2:r24:c27 ; 6623:bank3:r24:c27,6615,6639,24,6615:bank2:r24:c28 ; 6615:bank3:r24:c28 ; 6619:bank2:r24:c29 ; 6619:bank3:r24:c29 ; 6635:bank2:r24:c30 ; 6637:bank2:r24:c31 ; 6637:bank3:r24:c30 ; 6639:bank3:r24:c31,14
196,6647,6657,10,6647:bank2:r24:c32 ; 6647:bank3:r24:c32 ; 6651:bank2:r24:c33 ; 6651:bank3:r24:c33 ; 6655:bank2:r24:c34 ; 6655:bank3:r24:c34 ; 6657:bank2:r24:c35 ; 6657:bank3:r24:c35,6649,6673,24,6649:bank2:r24:c36 ; 6649:bank3:r24:c36 ; 6653:bank2:r24:c37 ; 6653:bank3:r24:c37 ; 6669:bank2:r24:c38 ; 6671:bank2:r24:c39 ; 6671:bank3:r24:c38 ; 6673:bank3:r24:c39,14
197,6681,6691,10,6681:bank2:r24:c40 ; 6681:bank3:r24:c40 ; 6685:bank2:r24:c41 ; 6685:bank3:r24:c41 ; 6689:bank2:r24:c42 ; 6689:bank3:r24:c42 ; 6691:bank2:r24:c43 ; 6691:bank3:r24:c43,6683,6707,24,6683:bank2:r24:c44 ; 6683:bank3:r24:c44 ; 6687:bank2:r24:c45 ; 6687:bank3:r24:c45 ; 6703:bank2:r24:c46 ; 6705:bank2:r24:c47 ; 6705:bank3:r24:c46 ; 6707:bank3:r24:c47,14
198,6715,6725,10,6715:bank2:r24:c48 ; 6715:bank3:r24:c48 ; 6719:bank2:r24:c49 ; 6719:bank3:r24:c49 ; 6723:bank2:r24:c50 ; 6723:bank3:r24:c50 ; 6725:bank2:r24:c51 ; 6725:bank3:r24:c51,6717,6741,24,6717:bank2:r24:c52 ; 6717:bank3:r24:c52 ; 6721:bank2:r24:c53 ; 6721:bank3:r24:c53 ; 6737:bank2:r24:c54 ; 6739:bank2:r24:c55 ; 6739:bank3:r24:c54 ; 6741:bank3:r24:c55,14
199,6749,6759,10,6749:bank2:r24:c56 ; 6749:bank3:r24:c56 ; 6753:bank2:r24:c57 ; 6753:bank3:r24:c57 ; 6757:bank2:r24:c58 ; 6757:bank3:r24:c58 ; 6759:bank2:r24:c59 ; 6759:bank3:r24:c59,6751,6775,24,6751:bank2:r24:c60 ; 6751:bank3:r24:c60 ; 6755:bank2:r24:c61 ; 6755:bank3:r24:c61 ; 6771:bank2:r24:c62 ; 6773:bank2:r24:c63 ; 6773:bank3:r24:c62 ; 6775:bank3:r24:c63,14
200,6815,6829,14,6815:bank2:r25:c0 ; 6817:bank3:r25:c0 ; 6819:bank2:r25:c1 ; 6821:bank3:r25:c1 ; 6823:bank2:r25:c2 ; 6825:bank3:r25:c2 ; 6827:bank2:r25:c3 ; 6829:bank3:r25:c3,6785,6821,36,6785:bank2:r25:c4 ; 6785:bank3:r25:c4 ; 6797:bank2:r25:c5 ; 6797:bank3:r25:c5 ; 6815:bank3:r25:c6 ; 6817:bank2:r25:c6 ; 6819:bank3:r25:c7 ; 6821:bank2:r25:c7,22
201,6831,6837,6,6831:bank2:r25:c8 ; 6831:bank3:r25:c8 ; 6833:bank2:r25:c9 ; 6833:bank3:r25:c9 ; 6835:bank2:r25:c10 ; 6835:bank3:r25:c10 ; 6837:bank2:r25:c11 ; 6837:bank3:r25:c11,6823,6843,20,6823:bank3:r25:c12 ; 6825:bank2:r25:c12 ; 6827:bank3:r25:c13 ; 6829:bank2:r25:c13 ; 6839:bank2:r25:c14 ; 6841:bank2:r25:c15 ; 6841:bank3:r25:c14 ; 6843:bank3:r25:c15,14
202,6851,6861,10,6851:bank2:r25:c16 ; 6851:bank3:r25:c16 ; 6855:bank2:r25:c17 ; 6855:bank3:r25:c17 ; 6859:bank2:r25:c18 ; 6859:bank3:r25:c18 ; 6861:bank2:r25:c19 ; 6861:bank3:r25:c19,6853,6877,24,6853:bank2:r25:c20 ; 6853:bank3:r25:c20 ; 6857:bank2:r25:c21 ; 6857:bank3:r25:c21 ; 6873:bank2:r25:c22 ; 6875:bank2:r25:c23 ; 6875:bank3:r25:c22 ; 6877:bank3:r25:c23,14
203,6885,6895,10,6885:bank2:r25:c24 ; 6885:bank3:r25:c24 ; 6889:bank2:r25:c25 ; 6889:bank3:r25:c25 ; 6893:bank2:r25:c26 ; 6893:bank3:r25:c26 ; 6895:bank2:r25:c27 ; 6895:bank3:r25:c27,6887,6911,24,6887:bank2:r25:c28 ; 6887:bank3:r25:c28 ; 6891:bank2:r25:c29 ; 6891:bank3:r25:c29 ; 6907:bank2:r25:c30 ; 6909:bank2:r25:c31 ; 6909:bank3:r25:c30 ; 6911:bank3:r25:c31,14
204,6919,6929,10,6919:bank2:r25:c32 ; 6919:bank3:r25:c32 ; 6923:bank2:r25:c33 ; 6923:bank3:r25:c33 ; 6927:bank2:r25:c34 ; 6927:bank3:r25:c34 ; 6929:bank2:r25:c35 ; 6929:bank3:r25:c35,6921,6945,24,6921:bank2:r25:c36 ; 6921:bank3:r25:c36 ; 6925:bank2:r25:c37 ; 6925:bank3:r25:c37 ; 6941:bank2:r25:c38 ; 6943:bank2:r25:c39 ; 6943:bank3:r25:c38 ; 6945:bank3:r25:c39,14
205,6953,6963,10,6953:bank2:r25:c40 ; 6953:bank3:r25:c40 ; 6957:bank2:r25:c41 ; 6957:bank3:r25:c41 ; 6961:bank2:r25:c42 ; 6961:bank3:r25:c42 ; 6963:bank2:r25:c43 ; 6963:bank3:r25:c43,6955,6979,24,6955:bank2:r25:c44 ; 6955:bank3:r25:c44 ; 6959:bank2:r25:c45 ; 6959:bank3:r25:c45 ; 6975:bank2:r25:c46 ; 6977:bank2:r25:c47 ; 6977:bank3:r25:c46 ; 6979:bank3:r25:c47,14
206,6987,6997,10,6987:bank2:r25:c48 ; 6987:bank3:r25:c48 ; 6991:bank2:r25:c49 ; 6991:bank3:r25:c49 ; 6995:bank2:r25:c50 ; 6995:bank3:r25:c50 ; 6997:bank2:r25:c51 ; 6997:bank3:r25:c51,6989,7013,24,6989:bank2:r25:c52 ; 6989:bank3:r25:c52 ; 6993:bank2:r25:c53 ; 6993:bank3:r25:c53 ; 7009:bank2:r25:c54 ; 7011:bank2:r25:c55 ; 7011:bank3:r25:c54 ; 7013:bank3:r25:c55,14
207,7021,7031,10,7021:bank2:r25:c56 ; 7021:bank3:r25:c56 ; 7025:bank2:r25:c57 ; 7025:bank3:r25:c57 ; 7029:bank2:r25:c58 ; 7029:bank3:r25:c58 ; 7031:bank2:r25:c59 ; 7031:bank3:r25:c59,7023,7047,24,7023:bank2:r25:c60 ; 7023:bank3:r25:c60 ; 7027:bank2:r25:c61 ; 7027:bank3:r25:c61 ; 7043:bank2:r25:c62 ; 7045:bank2:r25:c63 ; 7045:bank3:r25:c62 ; 7047:bank3:r25:c63,14
208,7087,7101,14,7087:bank2:r26:c0 ; 7089:bank3:r26:c0 ; 7091:bank2:r26:c1 ; 7093:bank3:r26:c1 ; 7095:bank2:r26:c2 ; 7097:bank3:r26:c2 ; 7099:bank2:r26:c3 ; 7101:bank3:r26:c3,7057,7093,36,7057:bank2:r26:c4 ; 7057:bank3:r26:c4 ; 7069:bank2:r26:c5 ; 7069:bank3:r26:c5 ; 7087:bank3:r26:c6 ; 7089:bank2:r26:c6 ; 7091:bank3:r26:c7 ; 7093:bank2:r26:c7,22
209,7103,7109,6,7103:bank2:r26:c8 ; 7103:bank3:r26:c8 ; 7105:bank2:r26:c9 ; 7105:bank3:r26:c9 ; 7107:bank2:r26:c10 ; 7107:bank3:r26:c10 ; 7109:bank2:r26:c11 ; 7109:bank3:r26:c11,7095,7115,20,7095:bank3:r26:c12 ; 7097:bank2:r26:c12 ; 7099:bank3:r26:c13 ; 7101:bank2:r26:c13 ; 7111:bank2:r26:c14 ; 7113:bank2:r26:c15 ; 7113:bank3:r26:c14 ; 7115:bank3:r26:c15,14
210,7123,7133,10,7123:bank2:r26:c16 ; 7123:bank3:r26:c16 ; 7127:bank2:r26:c17 ; 7127:bank3:r26:c17 ; 7131:bank2:r26:c18 ; 7131:bank3:r26:c18 ; 7133:bank2:r26:c19 ; 7133:bank3:r26:c19,7125,7149,24,7125:bank2:r26:c20 ; 7125:bank3:r26:c20 ; 7129:bank2:r26:c21 ; 7129:bank3:r26:c21 ; 7145:bank2:r26:c22 ; 7147:bank2:r26:c23 ; 7147:bank3:r26:c22 ; 7149:bank3:r26:c23,14
211,7157,7167,10,7157:bank2:r26:c24 ; 7157:bank3:r26:c24 ; 7161:bank2:r26:c25 ; 7161:bank3:r26:c25 ; 7165:bank2:r26:c26 ; 7165:bank3:r26:c26 ; 7167:bank2:r26:c27 ; 7167:bank3:r26:c27,7159,7183,24,7159:bank2:r26:c28 ; 7159:bank3:r26:c28 ; 7163:bank2:r26:c29 ; 7163:bank3:r26:c29 ; 7179:bank2:r26:c30 ; 7181:bank2:r26:c31 ; 7181:bank3:r26:c30 ; 7183:bank3:r26:c31,14
212,7191,7201,10,7191:bank2:r26:c32 ; 7191:bank3:r26:c32 ; 7195:bank2:r26:c33 ; 7195:bank3:r26:c33 ; 7199:bank2:r26:c34 ; 7199:bank3:r26:c34 ; 7201:bank2:r26:c35 ; 7201:bank3:r26:c35,7193,7217,24,7193:bank2:r26:c36 ; 7193:bank3:r26:c36 ; 7197:bank2:r26:c37 ; 7197:bank3:r26:c37 ; 7213:bank2:r26:c38 ; 7215:bank2:r26:c39 ; 7215:bank3:r26:c38 ; 7217:bank3:r26:c39,14
213,7225,7235,10,7225:bank2:r26:c40 ; 7225:bank3:r26:c40 ; 7229:bank2:r26:c41 ; 7229:bank3:r26:c41 ; 7233:bank2:r26:c42 ; 7233:bank3:r26:c42 ; 7235:bank2:r26:c43 ; 7235:bank3:r26:c43,7227,7251,24,7227:bank2:r26:c44 ; 7227:bank3:r26:c44 ; 7231:bank2:r26:c45 ; 7231:bank3:r26:c45 ; 7247:bank2:r26:c46 ; 7249:bank2:r26:c47 ; 7249:bank3:r26:c46 ; 7251:bank3:r26:c47,14
214,7259,7269,10,7259:bank2:r26:c48 ; 7259:bank3:r26:c48 ; 7263:bank2:r26:c49 ; 7263:bank3:r26:c49 ; 7267:bank2:r26:c50 ; 7267:bank3:r26:c50 ; 7269:bank2:r26:c51 ; 7269:bank3:r26:c51,7261,7285,24,7261:bank2:r26:c52 ; 7261:bank3:r26:c52 ; 7265:bank2:r26:c53 ; 7265:bank3:r26:c53 ; 7281:bank2:r26:c54 ; 7283:bank2:r26:c55 ; 7283:bank3:r26:c54 ; 7285:bank3:r26:c55,14
215,7293,7303,10,7293:bank2:r26:c56 ; 7293:bank3:r26:c56 ; 7297:bank2:r26:c57 ; 7297:bank3:r26:c57 ; 7301:bank2:r26:c58 ; 7301:bank3:r26:c58 ; 7303:bank2:r26:c59 ; 7303:bank3:r26:c59,7295,7319,24,7295:bank2:r26:c60 ; 7295:bank3:r26:c60 ; 7299:bank2:r26:c61 ; 7299:bank3:r26:c61 ; 7315:bank2:r26:c62 ; 7317:bank2:r26:c63 ; 7317:bank3:r26:c62 ; 7319:bank3:r26:c63,14
216,7359,7373,14,7359:bank2:r27:c0 ; 7361:bank3:r27:c0 ; 7363:bank2:r27:c1 ; 7365:bank3:r27:c1 ; 7367:bank2:r27:c2 ; 7369:bank3:r27:c2 ; 7371:bank2:r27:c3 ; 7373:bank3:r27:c3,7329,7365,36,7329:bank2:r27:c4 ; 7329:bank3:r27:c4 ; 7341:bank2:r27:c5 ; 7341:bank3:r27:c5 ; 7359:bank3:r27:c6 ; 7361:bank2:r27:c6 ; 7363:bank3:r27:c7 ; 7365:bank2:r27:c7,22
217,7375,7381,6,7375:bank2:r27:c8 ; 7375:bank3:r27:c8 ; 7377:bank2:r27:c9 ; 7377:bank3:r27:c9 ; 7379:bank2:r27:c10 ; 7379:bank3:r27:c10 ; 7381:bank2:r27:c11 ; 7381:bank3:r27:c11,7367,7387,20,7367:bank3:r27:c12 ; 7369:bank2:r27:c12 ; 7371:bank3:r27:c13 ; 7373:bank2:r27:c13 ; 7383:bank2:r27:c14 ; 7385:bank2:r27:c15 ; 7385:bank3:r27:c14 ; 7387:bank3:r27:c15,14
218,7395,7405,10,7395:bank2:r27:c16 ; 7395:bank3:r27:c16 ; 7399:bank2:r27:c17 ; 7399:bank3:r27:c17 ; 7403:bank2:r27:c18 ; 7403:bank3:r27:c18 ; 7405:bank2:r27:c19 ; 7405:bank3:r27:c19,7397,7421,24,7397:bank2:r27:c20 ; 7397:bank3:r27:c20 ; 7401:bank2:r27:c21 ; 7401:bank3:r27:c21 ; 7417:bank2:r27:c22 ; 7419:bank2:r27:c23 ; 7419:bank3:r27:c22 ; 7421:bank3:r27:c23,14
219,7429,7439,10,7429:bank2:r27:c24 ; 7429:bank3:r27:c24 ; 7433:bank2:r27:c25 ; 7433:bank3:r27:c25 ; 7437:bank2:r27:c26 ; 7437:bank3:r27:c26 ; 7439:bank2:r27:c27 ; 7439:bank3:r27:c27,7431,7455,24,7431:bank2:r27:c28 ; 7431:bank3:r27:c28 ; 7435:bank2:r27:c29 ; 7435:bank3:r27:c29 ; 7451:bank2:r27:c30 ; 7453:bank2:r27:c31 ; 7453:bank3:r27:c30 ; 7455:bank3:r27:c31,14
220,7463,7473,10,7463:bank2:r27:c32 ; 7463:bank3:r27:c32 ; 7467:bank2:r27:c33 ; 7467:bank3:r27:c33 ; 7471:bank2:r27:c34 ; 7471:bank3:r27:c34 ; 7473:bank2:r27:c35 ; 7473:bank3:r27:c35,7465,7489,24,7465:bank2:r27:c36 ; 7465:bank3:r27:c36 ; 7469:bank2:r27:c37 ; 7469:bank3:r27:c37 ; 7485:bank2:r27:c38 ; 7487:bank2:r27:c39 ; 7487:bank3:r27:c38 ; 7489:bank3:r27:c39,14
221,7497,7507,10,7497:bank2:r27:c40 ; 7497:bank3:r27:c40 ; 7501:bank2:r27:c41 ; 7501:bank3:r27:c41 ; 7505:bank2:r27:c42 ; 7505:bank3:r27:c42 ; 7507:bank2:r27:c43 ; 7507:bank3:r27:c43,7499,7523,24,7499:bank2:r27:c44 ; 7499:bank3:r27:c44 ; 7503:bank2:r27:c45 ; 7503:bank3:r27:c45 ; 7519:bank2:r27:c46 ; 7521:bank2:r27:c47 ; 7521:bank3:r27:c46 ; 7523:bank3:r27:c47,14
222,7531,7541,10,7531:bank2:r27:c48 ; 7531:bank3:r27:c48 ; 7535:bank2:r27:c49 ; 7535:bank3:r27:c49 ; 7539:bank2:r27:c50 ; 7539:bank3:r27:c50 ; 7541:bank2:r27:c51 ; 7541:bank3:r27:c51,7533,7557,24,7533:bank2:r27:c52 ; 7533:bank3:r27:c52 ; 7537:bank2:r27:c53 ; 7537:bank3:r27:c53 ; 7553:bank2:r27:c54 ; 7555:bank2:r27:c55 ; 7555:bank3:r27:c54 ; 7557:bank3:r27:c55,14
223,7565,7575,10,7565:bank2:r27:c56 ; 7565:bank3:r27:c56 ; 7569:bank2:r27:c57 ; 7569:bank3:r27:c57 ; 7573:bank2:r27:c58 ; 7573:bank3:r27:c58 ; 7575:bank2:r27:c59 ; 7575:bank3:r27:c59,7567,7591,24,7567:bank2:r27:c60 ; 7567:bank3:r27:c60 ; 7571:bank2:r27:c61 ; 7571:bank3:r27:c61 ; 7587:bank2:r27:c62 ; 7589:bank2:r27:c63 ; 7589:bank3:r27:c62 ; 7591:bank3:r27:c63,14
224,7631,7645,14,7631:bank2:r28:c0 ; 7633:bank3:r28:c0 ; 7635:bank2:r28:c1 ; 7637:bank3:r28:c1 ; 7639:bank2:r28:c2 ; 7641:bank3:r28:c2 ; 7643:bank2:r28:c3 ; 7645:bank3:r28:c3,7601,7637,36,7601:bank2:r28:c4 ; 7601:bank3:r28:c4 ; 7613:bank2:r28:c5 ; 7613:bank3:r28:c5 ; 7631:bank3:r28:c6 ; 7633:bank2:r28:c6 ; 7635:bank3:r28:c7 ; 7637:bank2:r28:c7,22
225,7647,7653,6,7647:bank2:r28:c8 ; 7647:bank3:r28:c8 ; 7649:bank2:r28:c9 ; 7649:bank3:r28:c9 ; 7651:bank2:r28:c10 ; 7651:bank3:r28:c10 ; 7653:bank2:r28:c11 ; 7653:bank3:r28:c11,7639,7659,20,7639:bank3:r28:c12 ; 7641:bank2:r28:c12 ; 7643:bank3:r28:c13 ; 7645:bank2:r28:c13 ; 7655:bank2:r28:c14 ; 7657:bank2:r28:c15 ; 7657:bank3:r28:c14 ; 7659:bank3:r28:c15,14
226,7667,7677,10,7667:bank2:r28:c16 ; 7667:bank3:r28:c16 ; 7671:bank2:r28:c17 ; 7671:bank3:r28:c17 ; 7675:bank2:r28:c18 ; 7675:bank3:r28:c18 ; 7677:bank2:r28:c19 ; 7677:bank3:r28:c19,7669,7693,24,7669:bank2:r28:c20 ; 7669:bank3:r28:c20 ; 7673:bank2:r28:c21 ; 7673:bank3:r28:c21 ; 7689:bank2:r28:c22 ; 7691:bank2:r28:c23 ; 7691:bank3:r28:c22 ; 7693:bank3:r28:c23,14
227,7701,7711,10,7701:bank2:r28:c24 ; 7701:bank3:r28:c24 ; 7705:bank2:r28:c25 ; 7705:bank3:r28:c25 ; 7709:bank2:r28:c26 ; 7709:bank3:r28:c26 ; 7711:bank2:r28:c27 ; 7711:bank3:r28:c27,7703,7727,24,7703:bank2:r28:c28 ; 7703:bank3:r28:c28 ; 7707:bank2:r28:c29 ; 7707:bank3:r28:c29 ; 7723:bank2:r28:c30 ; 7725:bank2:r28:c31 ; 7725:bank3:r28:c30 ; 7727:bank3:r28:c31,14
228,7735,7745,10,7735:bank2:r28:c32 ; 7735:bank3:r28:c32 ; 7739:bank2:r28:c33 ; 7739:bank3:r28:c33 ; 7743:bank2:r28:c34 ; 7743:bank3:r28:c34 ; 7745:bank2:r28:c35 ; 7745:bank3:r28:c35,7737,7761,24,7737:bank2:r28:c36 ; 7737:bank3:r28:c36 ; 7741:bank2:r28:c37 ; 7741:bank3:r28:c37 ; 7757:bank2:r28:c38 ; 7759:bank2:r28:c39 ; 7759:bank3:r28:c38 ; 7761:bank3:r28:c39,14
229,7769,7779,10,7769:bank2:r28:c40 ; 7769:bank3:r28:c40 ; 7773:bank2:r28:c41 ; 7773:bank3:r28:c41 ; 7777:bank2:r28:c42 ; 7777:bank3:r28:c42 ; 7779:bank2:r28:c43 ; 7779:bank3:r28:c43,7771,7795,24,7771:bank2:r28:c44 ; 7771:bank3:r28:c44 ; 7775:bank2:r28:c45 ; 7775:bank3:r28:c45 ; 7791:bank2:r28:c46 ; 7793:bank2:r28:c47 ; 7793:bank3:r28:c46 ; 7795:bank3:r28:c47,14
230,7803,7813,10,7803:bank2:r28:c48 ; 7803:bank3:r28:c48 ; 7807:bank2:r28:c49 ; 7807:bank3:r28:c49 ; 7811:bank2:r28:c50 ; 7811:bank3:r28:c50 ; 7813:bank2:r28:c51 ; 7813:bank3:r28:c51,7805,7829,24,7805:bank2:r28:c52 ; 7805:bank3:r28:c52 ; 7809:bank2:r28:c53 ; 7809:bank3:r28:c53 ; 7825:bank2:r28:c54 ; 7827:bank2:r28:c55 ; 7827:bank3:r28:c54 ; 7829:bank3:r28:c55,14
231,7837,7847,10,7837:bank2:r28:c56 ; 7837:bank3:r28:c56 ; 7841:bank2:r28:c57 ; 7841:bank3:r28:c57 ; 7845:bank2:r28:c58 ; 7845:bank3:r28:c58 ; 7847:bank2:r28:c59 ; 7847:bank3:r28:c59,7839,7863,24,7839:bank2:r28:c60 ; 7839:bank3:r28:c60 ; 7843:bank2:r28:c61 ; 7843:bank3:r28:c61 ; 7859:bank2:r28:c62 ; 7861:bank2:r28:c63 ; 7861:bank3:r28:c62 ; 7863:bank3:r28:c63,14
232,7903,7917,14,7903:bank2:r29:c0 ; 7905:bank3:r29:c0 ; 7907:bank2:r29:c1 ; 7909:bank3:r29:c1 ; 7911:bank2:r29:c2 ; 7913:bank3:r29:c2 ; 7915:bank2:r29:c3 ; 7917:bank3:r29:c3,7873,7909,36,7873:bank2:r29:c4 ; 7873:bank3:r29:c4 ; 7885:bank2:r29:c5 ; 7885:bank3:r29:c5 ; 7903:bank3:r29:c6 ; 7905:bank2:r29:c6 ; 7907:bank3:r29:c7 ; 7909:bank2:r29:c7,22
233,7919,7925,6,7919:bank2:r29:c8 ; 7919:bank3:r29:c8 ; 7921:bank2:r29:c9 ; 7921:bank3:r29:c9 ; 7923:bank2:r29:c10 ; 7923:bank3:r29:c10 ; 7925:bank2:r29:c11 ; 7925:bank3:r29:c11,7911,7931,20,7911:bank3:r29:c12 ; 7913:bank2:r29:c12 ; 7915:bank3:r29:c13 ; 7917:bank2:r29:c13 ; 7927:bank2:r29:c14 ; 7929:bank2:r29:c15 ; 7929:bank3:r29:c14 ; 7931:bank3:r29:c15,14
234,7939,7949,10,7939:bank2:r29:c16 ; 7939:bank3:r29:c16 ; 7943:bank2:r29:c17 ; 7943:bank3:r29:c17 ; 7947:bank2:r29:c18 ; 7947:bank3:r29:c18 ; 7949:bank2:r29:c19 ; 7949:bank3:r29:c19,7941,7965,24,7941:bank2:r29:c20 ; 7941:bank3:r29:c20 ; 7945:bank2:r29:c21 ; 7945:bank3:r29:c21 ; 7961:bank2:r29:c22 ; 7963:bank2:r29:c23 ; 7963:bank3:r29:c22 ; 7965:bank3:r29:c23,14
235,7973,7983,10,7973:bank2:r29:c24 ; 7973:bank3:r29:c24 ; 7977:bank2:r29:c25 ; 7977:bank3:r29:c25 ; 7981:bank2:r29:c26 ; 7981:bank3:r29:c26 ; 7983:bank2:r29:c27 ; 7983:bank3:r29:c27,7975,7999,24,7975:bank2:r29:c28 ; 7975:bank3:r29:c28 ; 7979:bank2:r29:c29 ; 7979:bank3:r29:c29 ; 7995:bank2:r29:c30 ; 7997:bank2:r29:c31 ; 7997:bank3:r29:c30 ; 7999:bank3:r29:c31,14
236,8007,8017,10,8007:bank2:r29:c32 ; 8007:bank3:r29:c32 ; 8011:bank2:r29:c33 ; 8011:bank3:r29:c33 ; 8015:bank2:r29:c34 ; 8015:bank3:r29:c34 ; 8017:bank2:r29:c35 ; 8017:bank3:r29:c35,8009,8033,24,8009:bank2:r29:c36 ; 8009:bank3:r29:c36 ; 8013:bank2:r29:c37 ; 8013:bank3:r29:c37 ; 8029:bank2:r29:c38 ; 8031:bank2:r29:c39 ; 8031:bank3:r29:c38 ; 8033:bank3:r29:c39,14
237,8041,8051,10,8041:bank2:r29:c40 ; 8041:bank3:r29:c40 ; 8045:bank2:r29:c41 ; 8045:bank3:r29:c41 ; 8049:bank2:r29:c42 ; 8049:bank3:r29:c42 ; 8051:bank2:r29:c43 ; 8051:bank3:r29:c43,8043,8067,24,8043:bank2:r29:c44 ; 8043:bank3:r29:c44 ; 8047:bank2:r29:c45 ; 8047:bank3:r29:c45 ; 8063:bank2:r29:c46 ; 8065:bank2:r29:c47 ; 8065:bank3:r29:c46 ; 8067:bank3:r29:c47,14
238,8075,8085,10,8075:bank2:r29:c48 ; 8075:bank3:r29:c48 ; 8079:bank2:r29:c49 ; 8079:bank3:r29:c49 ; 8083:bank2:r29:c50 ; 8083:bank3:r29:c50 ; 8085:bank2:r29:c51 ; 8085:bank3:r29:c51,8077,8101,24,8077:bank2:r29:c52 ; 8077:bank3:r29:c52 ; 8081:bank2:r29:c53 ; 8081:bank3:r29:c53 ; 8097:bank2:r29:c54 ; 8099:bank2:r29:c55 ; 8099:bank3:r29:c54 ; 8101:bank3:r29:c55,14
239,8109,8119,10,8109:bank2:r29:c56 ; 8109:bank3:r29:c56 ; 8113:bank2:r29:c57 ; 8113:bank3:r29:c57 ; 8117:bank2:r29:c58 ; 8117:bank3:r29:c58 ; 8119:bank2:r29:c59 ; 8119:bank3:r29:c59,8111,8135,24,8111:bank2:r29:c60 ; 8111:bank3:r29:c60 ; 8115:bank2:r29:c61 ; 8115:bank3:r29:c61 ; 8131:bank2:r29:c62 ; 8133:bank2:r29:c63 ; 8133:bank3:r29:c62 ; 8135:bank3:r29:c63,14
240,8175,8189,14,8175:bank2:r30:c0 ; 8177:bank3:r30:c0 ; 8179:bank2:r30:c1 ; 8181:bank3:r30:c1 ; 8183:bank2:r30:c2 ; 8185:bank3:r30:c2 ; 8187:bank2:r30:c3 ; 8189:bank3:r30:c3,8145,8181,36,8145:bank2:r30:c4 ; 8145:bank3:r30:c4 ; 8157:bank2:r30:c5 ; 8157:bank3:r30:c5 ; 8175:bank3:r30:c6 ; 8177:bank2:r30:c6 ; 8179:bank3:r30:c7 ; 8181:bank2:r30:c7,22
241,8191,8197,6,8191:bank2:r30:c8 ; 8191:bank3:r30:c8 ; 8193:bank2:r30:c9 ; 8193:bank3:r30:c9 ; 8195:bank2:r30:c10 ; 8195:bank3:r30:c10 ; 8197:bank2:r30:c11 ; 8197:bank3:r30:c11,8183,8203,20,8183:bank3:r30:c12 ; 8185:bank2:r30:c12 ; 8187:bank3:r30:c13 ; 8189:bank2:r30:c13 ; 8199:bank2:r30:c14 ; 8201:bank2:r30:c15 ; 8201:bank3:r30:c14 ; 8203:bank3:r30:c15,14
242,8211,8221,10,8211:bank2:r30:c16 ; 8211:bank3:r30:c16 ; 8215:bank2:r30:c17 ; 8215:bank3:r30:c17 ; 8219:bank2:r30:c18 ; 8219:bank3:r30:c18 ; 8221:bank2:r30:c19 ; 8221:bank3:r30:c19,8213,8237,24,8213:bank2:r30:c20 ; 8213:bank3:r30:c20 ; 8217:bank2:r30:c21 ; 8217:bank3:r30:c21 ; 8233:bank2:r30:c22 ; 8235:bank2:r30:c23 ; 8235:bank3:r30:c22 ; 8237:bank3:r30:c23,14
243,8245,8255,10,8245:bank2:r30:c24 ; 8245:bank3:r30:c24 ; 8249:bank2:r30:c25 ; 8249:bank3:r30:c25 ; 8253:bank2:r30:c26 ; 8253:bank3:r30:c26 ; 8255:bank2:r30:c27 ; 8255:bank3:r30:c27,8247,8271,24,8247:bank2:r30:c28 ; 8247:bank3:r30:c28 ; 8251:bank2:r30:c29 ; 8251:bank3:r30:c29 ; 8267:bank2:r30:c30 ; 8269:bank2:r30:c31 ; 8269:bank3:r30:c30 ; 8271:bank3:r30:c31,14
244,8279,8289,10,8279:bank2:r30:c32 ; 8279:bank3:r30:c32 ; 8283:bank2:r30:c33 ; 8283:bank3:r30:c33 ; 8287:bank2:r30:c34 ; 8287:bank3:r30:c34 ; 8289:bank2:r30:c35 ; 8289:bank3:r30:c35,8281,8305,24,8281:bank2:r30:c36 ; 8281:bank3:r30:c36 ; 8285:bank2:r30:c37 ; 8285:bank3:r30:c37 ; 8301:bank2:r30:c38 ; 8303:bank2:r30:c39 ; 8303:bank3:r30:c38 ; 8305:bank3:r30:c39,14
245,8313,8323,10,8313:bank2:r30:c40 ; 8313:bank3:r30:c40 ; 8317:bank2:r30:c41 ; 8317:bank3:r30:c41 ; 8321:bank2:r30:c42 ; 8321:bank3:r30:c42 ; 8323:bank2:r30:c43 ; 8323:bank3:r30:c43,8315,8339,24,8315:bank2:r30:c44 ; 8315:bank3:r30:c44 ; 8319:bank2:r30:c45 ; 8319:bank3:r30:c45 ; 8335:bank2:r30:c46 ; 8337:bank2:r30:c47 ; 8337:bank3:r30:c46 ; 8339:bank3:r30:c47,14
246,8347,8357,10,8347:bank2:r30:c48 ; 8347:bank3:r30:c48 ; 8351:bank2:r30:c49 ; 8351:bank3:r30:c49 ; 8355:bank2:r30:c50 ; 8355:bank3:r30:c50 ; 8357:bank2:r30:c51 ; 8357:bank3:r30:c51,8349,8373,24,8349:bank2:r30:c52 ; 8349:bank3:r30:c52 ; 8353:bank2:r30:c53 ; 8353:bank3:r30:c53 ; 8369:bank2:r30:c54 ; 8371:bank2:r30:c55 ; 8371:bank3:r30:c54 ; 8373:bank3:r30:c55,14
247,8381,8391,10,8381:bank2:r30:c56 ; 8381:bank3:r30:c56 ; 8385:bank2:r30:c57 ; 8385:bank3:r30:c57 ; 8389:bank2:r30:c58 ; 8389:bank3:r30:c58 ; 8391:bank2:r30:c59 ; 8391:bank3:r30:c59,8383,8407,24,8383:bank2:r30:c60 ; 8383:bank3:r30:c60 ; 8387:bank2:r30:c61 ; 8387:bank3:r30:c61 ; 8403:bank2:r30:c62 ; 8405:bank2:r30:c63 ; 8405:bank3:r30:c62 ; 8407:bank3:r30:c63,14
248,8447,8461,14,8447:bank2:r31:c0 ; 8449:bank3:r31:c0 ; 8451:bank2:r31:c1 ; 8453:bank3:r31:c1 ; 8455:bank2:r31:c2 ; 8457:bank3:r31:c2 ; 8459:bank2:r31:c3 ; 8461:bank3:r31:c3,8417,8453,36,8417:bank2:r31:c4 ; 8417:bank3:r31:c4 ; 8429:bank2:r31:c5 ; 8429:bank3:r31:c5 ; 8447:bank3:r31:c6 ; 8449:bank2:r31:c6 ; 8451:bank3:r31:c7 ; 8453:bank2:r31:c7,22
249,8463,8469,6,8463:bank2:r31:c8 ; 8463:bank3:r31:c8 ; 8465:bank2:r31:c9 ; 8465:bank3:r31:c9 ; 8467:bank2:r31:c10 ; 8467:bank3:r31:c10 ; 8469:bank2:r31:c11 ; 8469:bank3:r31:c11,8455,8475,20,8455:bank3:r31:c12 ; 8457:bank2:r31:c12 ; 8459:bank3:r31:c13 ; 8461:bank2:r31:c13 ; 8471:bank2:r31:c14 ; 8473:bank2:r31:c15 ; 8473:bank3:r31:c14 ; 8475:bank3:r31:c15,14
250,8483,8493,10,8483:bank2:r31:c16 ; 8483:bank3:r31:c16 ; 8487:bank2:r31:c17 ; 8487:bank3:r31:c17 ; 8491:bank2:r31:c18 ; 8491:bank3:r31:c18 ; 8493:bank2:r31:c19 ; 8493:bank3:r31:c19,8485,8509,24,8485:bank2:r31:c20 ; 8485:bank3:r31:c20 ; 8489:bank2:r31:c21 ; 8489:bank3:r31:c21 ; 8505:bank2:r31:c22 ; 8507:bank2:r31:c23 ; 8507:bank3:r31:c22 ; 8509:bank3:r31:c23,14
251,8517,8527,10,8517:bank2:r31:c24 ; 8517:bank3:r31:c24 ; 8521:bank2:r31:c25 ; 8521:bank3:r31:c25 ; 8525:bank2:r31:c26 ; 8525:bank3:r31:c26 ; 8527:bank2:r31:c27 ; 8527:bank3:r31:c27,8519,8543,24,8519:bank2:r31:c28 ; 8519:bank3:r31:c28 ; 8523:bank2:r31:c29 ; 8523:bank3:r31:c29 ; 8539:bank2:r31:c30 ; 8541:bank2:r31:c31 ; 8541:bank3:r31:c30 ; 8543:bank3:r31:c31,14
252,8551,8561,10,8551:bank2:r31:c32 ; 8551:bank3:r31:c32 ; 8555:bank2:r31:c33 ; 8555:bank3:r31:c33 ; 8559:bank2:r31:c34 ; 8559:bank3:r31:c34 ; 8561:bank2:r31:c35 ; 8561:bank3:r31:c35,8553,8577,24,8553:bank2:r31:c36 ; 8553:bank3:r31:c36 ; 8557:bank2:r31:c37 ; 8557:bank3:r31:c37 ; 8573:bank2:r31:c38 ; 8575:bank2:r31:c39 ; 8575:bank3:r31:c38 ; 8577:bank3:r31:c39,14
253,8585,8595,10,8585:bank2:r31:c40 ; 8585:bank3:r31:c40 ; 8589:bank2:r31:c41 ; 8589:bank3:r31:c41 ; 8593:bank2:r31:c42 ; 8593:bank3:r31:c42 ; 8595:bank2:r31:c43 ; 8595:bank3:r31:c43,8587,8611,24,8587:bank2:r31:c44 ; 8587:bank3:r31:c44 ; 8591:bank2:r31:c45 ; 8591:bank3:r31:c45 ; 8607:bank2:r31:c46 ; 8609:bank2:r31:c47 ; 8609:bank3:r31:c46 ; 8611:bank3:r31:c47,14
254,8619,8629,10,8619:bank2:r31:c48 ; 8619:bank3:r31:c48 ; 8623:bank2:r31:c49 ; 8623:bank3:r31:c49 ; 8627:bank2:r31:c50 ; 8627:bank3:r31:c50 ; 8629:bank2:r31:c51 ; 8629:bank3:r31:c51,8621,8645,24,8621:bank2:r31:c52 ; 8621:bank3:r31:c52 ; 8625:bank2:r31:c53 ; 8625:bank3:r31:c53 ; 8641:bank2:r31:c54 ; 8643:bank2:r31:c55 ; 8643:bank3:r31:c54 ; 8645:bank3:r31:c55,14
255,8653,8663,10,8653:bank2:r31:c56 ; 8653:bank3:r31:c56 ; 8657:bank2:r31:c57 ; 8657:bank3:r31:c57 ; 8661:bank2:r31:c58 ; 8661:bank3:r31:c58 ; 8663:bank2:r31:c59 ; 8663:bank3:r31:c59,8655,8679,24,8655:bank2:r31:c60 ; 8655:bank3:r31:c60 ; 8659:bank2:r31:c61 ; 8659:bank3:r31:c61 ; 8675:bank2:r31:c62 ; 8677:bank2:r31:c63 ; 8677:bank3:r31:c62 ; 8679:bank3:r31:c63,14
